PMID,Title,Authors,Citation,First Author,Journal/Book,Publication Year,Create Date,PMCID,NIHMS ID,DOI
36514580,Role of Probiotics in Human Health,"Bodke H, Jogdand S.",Cureus. 2022 Nov 9,,,,,,,
31825092,Interventions for managing halitosis,"Kumbargere Nagraj S, Eachempati P, Uma E, Singh VP, Ismail NM, Varghese E.",Cochrane Database Syst Rev. 2019 Dec 11,,,,,,,
36968114,A comprehensive review of the application of probiotics and postbiotics in oral health,"Homayouni Rad A, Pourjafar H, Mirzakhani E.",Front Cell Infect Microbiol. 2023 Mar 8,,,,,,,
29269592,Tongue coating: its characteristics and role in intra-oral halitosis and general health-a review,"Seerangaiyan K, Jüch F, Winkel EG.",J Breath Res. 2018 Mar 6,,,,,,,
30129220,Oral health and dental care of older persons-A systematic map of systematic reviews,"Ástvaldsdóttir Á, Boström AM, Davidson T, Gabre P, Gahnberg L, Sandborgh Englund G, Skott P, Ståhlnacke K, Tranaeus S, Wilhelmsson H, Wårdh I, Östlund P, Nilsson M.",Gerodontology. 2018 Dec,,,,,,,
34176571,Controlling bad breath,Mark AM.,J Am Dent Assoc. 2021 Jul,,,,,,,
31552882,Clinical utility of ozone therapy in dental and oral medicine,"Suh Y, Patel S, Kaitlyn R, Gandhi J, Joshi G, Smith NL, Khan SA.",Med Gas Res. 2019 Jul-Sep,,,,,,,
30729452,"Probiotics as an Adjunct Therapy for the Treatment of Halitosis, Dental Caries and Periodontitis","Bustamante M, Oomah BD, Mosi-Roa Y, Rubilar M, Burgos-Díaz C.",Probiotics Antimicrob Proteins. 2020 Jun,,,,,,,
36156769,Local interventions for the management of alveolar osteitis (dry socket),"Daly BJ, Sharif MO, Jones K, Worthington HV, Beattie A.",Cochrane Database Syst Rev. 2022 Sep 26,,,,,,,
34562980,The Current and Potential Application of Medicinal Cannabis Products in Dentistry,"Lowe H, Toyang N, Steele B, Bryant J, Ngwa W, Nedamat K.",Dent J (Basel). 2021 Sep 10,,,,,,,
29668457,Probiotics: Evidence of Oral Health Implications,"Meurman JH, Stamatova IV.",Folia Med (Plovdiv). 2018 Mar 1,,,,,,,
32907783,Probiotics-A complete oral healthcare package,"Mishra S, Rath S, Mohanty N.",J Integr Med. 2020 Nov,,,,,,,
32326126,Microbiota and Malodor-Etiology and Management,"Mogilnicka I, Bogucki P, Ufnal M.",Int J Mol Sci. 2020 Apr 20,,,,,,,
30927516,Induction and inhibition of oral malodor,"Suzuki N, Yoneda M, Takeshita T, Hirofuji T, Hanioka T.",Mol Oral Microbiol. 2019 Jun,,,,,,,
32950729,Halitosis and photodynamic therapy,Javed F.,Photodiagnosis Photodyn Ther. 2020 Dec,,,,,,,
33077409,Novel oral biomarkers predicting oral malodor,"Takaesu Y, Suzuki N, Naito M, Watanabe T, Shimazu A, Yatabe N, Yoneda M, Hirofuji T, Hanioka T.",Oral Surg Oral Med Oral Pathol Oral Radiol. 2020 Dec,,,,,,,
38789764,Tongue-coating characteristics in halitosis,Wadia R.,Br Dent J. 2024 May,,,,,,,
32112023,Charcoal-based mouthwashes: a literature review,"Brooks JK, Bashirelahi N, Hsia RC, Reynolds MA.",Br Dent J. 2020 Feb,,,,,,,
36208445,Cyclosporine-induced gingival overgrowth-Review,"Chojnacka-Purpurowicz J, Wygonowska E, Placek W, Owczarczyk-Saczonek A.",Dermatol Ther. 2022 Dec,,,,,,,
30696440,"Assessment of the oral health behavior, knowledge and status among dental and medical undergraduate students: a cross-sectional study","Yao K, Yao Y, Shen X, Lu C, Guo Q.",BMC Oral Health. 2019 Jan 29,,,,,,,
30000841,Garlic,2023 Nov 15. Drugs and Lactation Database (LactMed®) [Internet]. Bethesda (MD): National Institute of Child Health and Human Development,,,,,,,,
30440100,Halitosis: Helicobacter pylori or oral factors,"Anbari F, Ashouri Moghaddam A, Sabeti E, Khodabakhshi A.",Helicobacter. 2019 Feb,,,,,,,
35196931,The Importance of Nitrate Reduction for Oral Health,"Rosier BT, Takahashi N, Zaura E, Krom BP, MartÍnez-Espinosa RM, van Breda SGJ, Marsh PD, Mira A.",J Dent Res. 2022 Jul,,,,,,,
35513817,Effectiveness of oral care interventions on malodour in dogs,"Croft JM, Patel KV, Inui T, Ruparell A, Staunton R, Holcombe LJ.",BMC Vet Res. 2022 May 5,,,,,,,
38623900,Tongue-Coating Microbial and Metabolic Characteristics in Halitosis,"Zhang Y, Lo KL, Liman AN, Feng XP, Ye W.",J Dent Res. 2024 May,,,,,,,
37843633,"Halitosis: etiology, prevention, and the role of microbiota","Li Z, Li J, Fu R, Liu J, Wen X, Zhang L.",Clin Oral Investig. 2023 Nov,,,,,,,
36342072,Concerning perceived and clinically-measured levels of halitosis,"Oshiro A, Zaitsu T, Inoue Y, Srinarupat J, Nguyen VTN, Nagai M, Aida J.",J Breath Res. 2022 Nov 7,,,,,,,
33227726,Alternative therapies in controlling oral malodour: a systematic review,"Wylleman A, Vuylsteke F, Dekeyser C, Teughels W, Quirynen M, Laleman I.",J Breath Res. 2021 Jan 22,,,,,,,
29947332,Efficacy of probiotics: clinical and microbial parameters of halitosis,"Georgiou AC, Laine ML, Deng DM, Brandt BW, van Loveren C, Dereka X.",J Breath Res. 2018 Aug 21,,,,,,,
34447205,Effect of Chlorhexidine and Probiotics on Halitosis,"Sudhakaran S, Tom JJ, Shyam A, Mohan S, Ali S, Raj M.",J Pharm Bioallied Sci. 2021 Jun,,,,,,,
32213143,Lactoferrin and oral pathologies: a therapeutic treatment,"Rosa L, Lepanto MS, Cutone A, Ianiro G, Pernarella S, Sangermano R, Musci G, Ottolenghi L, Valenti P.",Biochem Cell Biol. 2021 Feb,,,,,,,
33045536,Laser tongue debridement for oral malodor-A novel approach to halitosis,"Krespi YP, Kizhner V, Wilson KA, Sivriver A, Low S, Khosravi Y, Stoodley P.",Am J Otolaryngol. 2021 Jan-Feb,,,,,,,
35579104,Oral care tablet containing kiwifruit powder affects tongue coating microbiome,"Fukui M, Asakuma H, Horiuchi H, Takii H, Yoshioka M, Hinode D.",Clin Exp Dent Res. 2022 Jun,,,,,,,
36141577,Revisiting Standard and Novel Therapeutic Approaches in Halitosis: A Review,"Izidoro C, Botelho J, Machado V, Reis AM, Proença L, Alves RC, Mendes JJ.",Int J Environ Res Public Health. 2022 Sep 8,,,,,,,
34951749,Self-perceived halitosis among young adults undergoing orthodontic treatment,"Banjar AA, Hassan SM, Alyafi RA, Alawady SA, Alghamdi MH, Baik KM.",Int J Dent Hyg. 2022 Aug,,,,,,,
33200432,Effect of essential oils on oral halitosis treatment: a review,"Dobler D, Runkel F, Schmidts T.",Eur J Oral Sci. 2020 Dec,,,,,,,
33652982,Droplet Sizes Emitted from Demonstration Electric Toothbrushes,"Mark EP, Lewis MAO, Graziani F, Atlas B, Utsch J.",Int J Environ Res Public Health. 2021 Feb 26,,,,,,,
31950293,The OralChroma(TM) CHM-2: a comparison with the OralChroma(TM) CHM-1,"Laleman I, Dekeyser C, Wylleman A, Teughels W, Quirynen M.",Clin Oral Investig. 2020 Aug,,,,,,,
34910438,Halitosis in Oral and Maxillofacial Surgery Patients - a Pilot Study,"Willershausen I, Krautkremer F, Sagheb K, Weider M, Weusmann J, Mittermeier F, Ehrhardt J, Sagheb K, Gölz L, Walter C.",Clin Lab. 2021 Dec 1,,,,,,,
29146888,Halitosis in children with adenoid hypertrophy,"Sikorska-Żuk M, Bochnia M.",J Breath Res. 2018 Feb 20,,,,,,,
37867064,Effectiveness of Mouthwashes in Managing Oral Diseases and Conditions: Do They Have a Role?,"McGrath C, Clarkson J, Glenny AM, Walsh LJ, Hua F.",Int Dent J. 2023 Nov,,,,,,,
37765121,The Benefits of Probiotics on Oral Health: Systematic Review of the Literature,"Inchingolo F, Inchingolo AM, Malcangi G, De Leonardis N, Sardano R, Pezzolla C, de Ruvo E, Di Venere D, Palermo A, Inchingolo AD, Corriero A, Dipalma G.",Pharmaceuticals (Basel). 2023 Sep 16,,,,,,,
32748883,The Role of Oral Microbiota in Intra-Oral Halitosis,"Hampelska K, Jaworska MM, Babalska ZŁ, Karpiński TM.",J Clin Med. 2020 Aug 2,,,,,,,
31166191,Microbial Cycling of Methanethiol,"Schäfer H, Eyice Ö.",Curr Issues Mol Biol. 2019,,,,,,,
32340013,Oral health and halitosis among type 1 diabetic and healthy children,"Iscan TA, Ozsin-Ozler C, Ileri-Keceli T, Guciz-Dogan B, Alikasifoglu A, Uzamis-Tekcicek M.",J Breath Res. 2020 Jul 3,,,,,,,
35080078,Effect of lemon essential oil on halitosis,"Ma L, Pang C, Yan C, Chen J, Wang X, Hui J, Zhou L, Zhang X.",Oral Dis. 2023 May,,,,,,,
29760825,A Current Approach to Halitosis and Oral Malodor- A Mini Review,Bicak DA.,Open Dent J. 2018 Apr 30,,,,,,,
33641145,"Self-Perceived Halitosis in La, a Suburb of Accra, Ghana","Tormeti D, Blankson PK, Atinkah S, Sackeyfio J, Dai-Kosi A, Ayettey-Adamafio M.",West Afr J Med. 2021 Feb,,,,,,,
31318704,Untargeted metabolomics of the bacterial tongue coating of intra-oral halitosis patients,"Seerangaiyan K, Maruthamuthu M, van Winkelhoff AJ, Winkel EG.",J Breath Res. 2019 Aug 20,,,,,,,
38530258,Common Oral Conditions: A Review,"Stoopler ET, Villa A, Bindakhil M, Díaz DLO, Sollecito TP.",JAMA. 2024 Mar 26,,,,,,,
31550680,Is SIBO A Real Condition?,Ruscio M.,Altern Ther Health Med. 2019 Sep,,,,,,,
36055216,Volatile composition of the morning breath,"Roslund K, Lehto M, Pussinen P, Metsälä M.",J Breath Res. 2022 Sep 19,,,,,,,
36600415,Efficacy of probiotics in the management of halitosis: a systematic review and meta-analysis,"Huang N, Li J, Qiao X, Wu Y, Liu Y, Wu C, Li L.",BMJ Open. 2022 Dec 20,,,,,,,
37378153,Evaluation of Anti-plaque and Anti-gingivitis Efficacy of Two Commercially Available Herbal and Non-herbal Toothpastes,"Garg Y, Chowdhary Z, Garg K, Kshirsagar MM, Sharma A, Ramvilas Reddy J, Paiwal K.",Cureus. 2023 May 27,,,,,,,
35162930,"Estonian Dental Students' Oral Health-Related Knowledge, Attitudes and Behaviours (KAB): National Survey-Based Study","Riad A, Põld A, Olak J, Howaldt HP, Klugar M, Krsek M, Attia S.",Int J Environ Res Public Health. 2022 Feb 8,,,,,,,
38029238,Multi-function screening of probiotics to improve oral health and evaluating their efficacy in a rat periodontitis model,"Nie Q, Wan X, Tao H, Yang Q, Zhao X, Liu H, Hu J, Luo Y, Shu T, Geng R, Gu Z, Fan F, Liu Z.",Front Cell Infect Microbiol. 2023 Nov 7,,,,,,,
31838294,Potential antibacterial and anti-halitosis activity of medicinal plants against oral bacteria,"Veloso DJ, Abrão F, Martins CHG, Bronzato JD, Gomes BPFA, Higino JS, Sampaio FC.",Arch Oral Biol. 2020 Feb,,,,,,,
36426310,Pre-procedural Antimicrobial Mouth Rinse: A Concise Review,"Hassan S, Dhadse P, Bajaj P, Sethiya K, Subhadarsanee C.",Cureus. 2022 Oct 24,,,,,,,
34123388,Alleviation of halitosis by use of probiotics and their protective mechanisms in the oral cavity,"Karbalaei M, Keikha M, Kobyliak NM, Khatib Zadeh Z, Yousefi B, Eslami M.",New Microbes New Infect. 2021 Apr 23,,,,,,,
37892459,"Polyphenols in Oral Health: Homeostasis Maintenance, Disease Prevention, and Therapeutic Applications","Guo Y, Li Z, Chen F, Chai Y.",Nutrients. 2023 Oct 16,,,,,,,
36067739,Criticism of the organoleptic examination for the diagnosis of oral halitosis,Aydin M.,J Breath Res. 2022 Oct 13,,,,,,,
34753852,"Risk Factors, Diagnosis, and Management of Halitosis in Children: A Comprehensive Review",Bawazir OA.,J Contemp Dent Pract. 2021 Aug 1,,,,,,,
30574220,[Halitosis: multidisciplinary diagnostic and therapeutic approaches],"Sombié R, Tiendrébéogo AJF, Guiguimdé WPL, Guingané A, Tiendrébéogo S, Ouoba K, Bougouma A.",Pan Afr Med J. 2018 Jul 10,,,,,,,
32271327,[The subjective oral health of Parkinson's disease patients],"de Baat C, van Stiphout MAE, Lobbezoo F.",Ned Tijdschr Tandheelkd. 2020 Feb,,,,,,,
32753975,The Underestimated Problem of Intra-Oral Halitosis in Dental Practice: An Expert Consensus Review,"Renvert S, Noack MJ, Lequart C, Roldán S, Laine ML.",Clin Cosmet Investig Dent. 2020 Jul 3,,,,,,,
30647023,Acceptance of a tongue vacuum cleaner among children and evaluation of tongue cleaning at home,"Rickenbacher O, Filippi C, Zürcher A, Filippi A.",Swiss Dent J. 2019 Feb 11,,,,,,,
29364345,Two mechanisms of oral malodor inhibition by zinc ions,"Suzuki N, Nakano Y, Watanabe T, Yoneda M, Hirofuji T, Hanioka T.",J Appl Oral Sci. 2018 Jan 18,,,,,,,
32878578,Oral health and salivary function in ulcerative colitis patients,"Goldinova A, Tan CX, Bouma G, Duijvestein M, Brand HS, de Boer NK.",United European Gastroenterol J. 2020 Nov,,,,,,,
31639775,A simple method to reduce halitosis,,,,,,,,,
34002709,Halitosis and Associated Risk Factors in Children: A Cross-sectional Study,"AlMadhi NA, Sulimany AM, Alzoman HA, Bawazir OA.",J Contemp Dent Pract. 2021 Jan 1,,,,,,,
34554489,Interactions between probiotic and oral pathogenic strains,"Gönczi NN, Strang O, Bagi Z, Rákhely G, Kovács KL.",Biol Futur. 2021 Dec,,,,,,,
37255073,Is bad breath associated with dyspepsia? An association and an equivalence study,"Rodrigues NCP, Abrão Neto A, Nadanovsky P.",Braz Oral Res. 2023 May 29,,,,,,,
35062433,Effect of Photodynamic Therapy on Halitosis: A Systematic Review of Randomized Controlled Trials,"Motta PB, Motta LJ, Campos TM, Gonçalves MLL, Santos EM, Martimbianco ALC, de Andrade DJC, Mesquita-Ferrari RA, Fernandes KPS, Horliana ACRT, Bussadori SK.",Sensors (Basel). 2022 Jan 8,,,,,,,
33653206,"Role of the oral microbiome, metabolic pathways, and novel diagnostic tools in intra-oral halitosis: a comprehensive update","Foo LH, Balan P, Pang LM, Laine ML, Seneviratne CJ.",Crit Rev Microbiol. 2021 May,,,,,,,
34925337,Mucosal Vaccination Against Periodontal Disease: Current Status and Opportunities,"Vaernewyck V, Arzi B, Sanders NN, Cox E, Devriendt B.",Front Immunol. 2021 Dec 2,,,,,,,
35010368,The Effect of Mechanical Tongue Cleaning on Oral Malodor and Tongue Coating,"Choi HN, Cho YS, Koo JW.",Int J Environ Res Public Health. 2021 Dec 23,,,,,,,
32587741,Exploring residential care aide experiences with oral malodour in long-term care,"Dhami CS, Donnelly LR.",Nurs Open. 2020 May 12,,,,,,,
33240372,Oral health knowledge and practice among orthodontic clients in China and New Zealand,"Guo J, Li L, Guan G, Bennani F, Mei L.",Can J Dent Hyg. 2020 Oct 1,,,,,,,
34169558,Clinical and self-reported oral conditions and quality of life in the 1982 Pelotas birth cohort,"Nascimento GG, Goettems ML, Schertel Cassiano L, Horta BL, Demarco FF.",J Clin Periodontol. 2021 Sep,,,,,,,
30733843,Evidence-based strategy for dental biofilms: Current evidence of mouthwashes on dental biofilm and gingivitis,"Takenaka S, Ohsumi T, Noiri Y.",Jpn Dent Sci Rev. 2019 Nov,,,,,,,
30620931,Halitosis: prevalence and association with oral etiological factors in children and adolescents,"Guedes CC, Bussadori SK, Weber R, Motta LJ, Costa da Mota AC, Amancio OMS.",J Breath Res. 2019 Mar 1,,,,,,,
37985343,Safety and Clinical Evaluation of a Sonic Tongue Brush,"Shirakawa S, Nagano T, Matsushima Y, Yashima A, Gomi K.",Int Dent J. 2024 Apr,,,,,,,
34926539,Marine Bioactive Compounds as Nutraceutical and Functional Food Ingredients for Potential Oral Health,"Huang YZ, Jin Z, Wang ZM, Qi LB, Song S, Zhu BW, Dong XP.",Front Nutr. 2021 Dec 2,,,,,,,
32024347,The Efficiency and Acceptance of a Suction Tongue-Cleaning Device in Adults,"Rhyn S, Zürcher A, Ortiz V, Filippi A.",Swiss Dent J. 2020 Feb 6,,,,,,,
34245645,Self-perceived and self-reported breath odour and the wearing of face masks during the COVID-19 pandemic,"Faria SFS, Costa FO, Pereira AG, Cota LOM.",Oral Dis. 2022 Nov,,,,,,,
31664298,Instant and freshness effect of mouth rinses on type 1 (oral) halitosis,"Aydin M, Derici MÇ, Keskek SO, Demir YI, Yeler D.",Acta Odontol Latinoam. 2019 Aug 1,,,,,,,
38163934,Novel Strategies for Preventing Dysbiosis in the Oral Cavity,"Rebelo MB, Oliveira CS, Tavaria FK.",Front Biosci (Elite Ed). 2023 Oct 16,,,,,,,
32610725,Etiology and characteristics of halitosis in patients of a halitosis center in Northern Italy,"Romano F, Pigella E, Guzzi N, Manavella V, Campanelli L, Aimetti M.",Minerva Stomatol. 2020 Jun,,,,,,,
37425559,Dental Health Knowledge Attitude and Practice Among University of Calabar Students,"Okoroafor CC, Okobi OE, Owodeha-Ashaka M, Okobi E, Oluseye B, Ekpang OB, Aya LE, Owolabi OJ, Oru-Betem TE, Nwafor JN.",Cureus. 2023 Jun 6,,,,,,,
35924391,"Prevalence of halitosis among young adults in Dunedin, New Zealand","Yu WW, Goh R, Cheong E, Guan G, Jin C, Cannon RD, Farella M, Mei L.",Int J Dent Hyg. 2022 Nov,,,,,,,
33291281,"Awareness and Practice of Oral Health Measures in Medina, Saudi Arabia: An Observational Study","Saadaldina SA, Eldwakhly E, Alnazzawi AA, Alharbi RA, Alghamdi BK, Abu Hammad OA, Soliman M.",Int J Environ Res Public Health. 2020 Dec 6,,,,,,,
30970113,A new technique for tongue brushing and halitosis reduction: the X technique,"Gonçalves ACS, Martins MCN, Paula BL, Weckwerth PH, Franzolin SOB, Silveira EMV.",J Appl Oral Sci. 2019 Apr 1,,,,,,,
29168154,The Effect of Probiotics on Halitosis: a Systematic Review and Meta-analysis,"Yoo JI, Shin IS, Jeon JG, Yang YM, Kim JG, Lee DW.",Probiotics Antimicrob Proteins. 2019 Mar,,,,,,,
31022704,"Oral probiotics reduce halitosis in patients wearing orthodontic braces: a randomized, triple-blind, placebo-controlled trial","Benic GZ, Farella M, Morgan XC, Viswam J, Heng NC, Cannon RD, Mei L.",J Breath Res. 2019 May 31,,,,,,,
29377970,[A PhD completed. Prevention and treatment of periodontal diseases and bad breath],"van der Sluijs E, Slot DE, van der Weijden GA.",Ned Tijdschr Tandheelkd. 2018 Jan,,,,,,,
34028827,"Salivary β-galactosidase, halitosis parameters in periodontal health and disease, and their changes after periodontal treatment","Aliyev B, Pasaoglu O, Pasaoglu H, Gungor K, Guner E, Celik B, Tuter G.",Aust Dent J. 2021 Dec,,,,,,,
34041178,"Knowledge, attitudes and behaviour towards oral hygiene of transgenders in Bhubaneswar during COVID-19","Kumar G, Sethi AK, Bagchi A, Rai S, Tamilselvan P.",J Family Med Prim Care. 2021 Mar,,,,,,,
35268826,Exploring the Potential of Natural Product-Based Nanomedicine for Maintaining Oral Health,"Kumar R, Mirza MA, Naseef PP, Kuruniyan MS, Zakir F, Aggarwal G.",Molecules. 2022 Mar 7,,,,,,,
36696467,Illness perception amongst individuals with periodontal diseases,"Joudi A, Sargeran K, Pouraskari Z, Darijani ME, Golrezaei J, Hessari H.",Community Dent Health. 2023 Feb 28,,,,,,,
33535384,Relationship between Fixed Dental Crowns and Volatile Sulphur Compounds,"Alzoman H, Rashid Habib S, Alghamdi S, Al-Juhani H, Daabash R, Al-Khalid W, Al-Askar M, Al-Johany S.",Int J Environ Res Public Health. 2021 Feb 1,,,,,,,
35127785,Role of Probiotics in Halitosis of Oral Origin: A Systematic Review and Meta-Analysis of Randomized Clinical Studies,"López-Valverde N, López-Valverde A, Macedo de Sousa B, Rodríguez C, Suárez A, Aragoneses JM.",Front Nutr. 2022 Jan 21,,,,,,,
35523316,"A Narrative Review of the Diagnosis, Etiology, and Treatment of Halitosis Over the Past Three Decades","Froum SJ, Shi Y, Reis N, Asvaplungprohm T.",Compend Contin Educ Dent. 2022 May,,,,,,,
33757506,Oral probiotic activities and biosafety of Lactobacillus gasseri HHuMIN D,"Mann S, Park MS, Johnston TV, Ji GE, Hwang KT, Ku S.",Microb Cell Fact. 2021 Mar 23,,,,,,,
38801476,The association between halitosis and periodontitis: a systematic review and meta-analysis,"Nini W, Chen L, Jinmei Z, Lufei W, Jingmei Y.",Clin Oral Investig. 2024 May 27,,,,,,,
32878006,Stannous Fluoride Effects on Enamel: A Systematic Review,"Fiorillo L, Cervino G, Herford AS, Laino L, Cicciù M.",Biomimetics (Basel). 2020 Aug 31,,,,,,,
34612518,Tongue cleaning in the elderly and its role in the respiratory and swallowing functions: Benefits and medical perspectives,"Izumi M, Akifusa S.",J Oral Rehabil. 2021 Dec,,,,,,,
38764155,Probiotics for maintaining oral health during fixed orthodontic treatment: A systematic review and meta-analysis,"Robin V, Wim T, Maria CL, Isabelle L.",Int J Dent Hyg. 2024 May 19. doi: 10.1111/idh.12821. Online ahead of print.,Robin V,Int J Dent Hyg,2024,5/20/2024,,,10.1111/idh.12821
34007216,The Prevalence and Determinant Factors of Oral Halitosis in Northwest Ethiopia: A Cross-Sectional Study,"Teshome A, Derese K, Andualem G.",Clin Cosmet Investig Dent. 2021 May 11,,,,,,,
33525419,"Effects of Oral Probiotics on Subjective Halitosis, Oral Health, and Psychosocial Health of College Students: A Randomized, Double-Blind, Placebo-Controlled Study","Lee DS, Kim M, Nam SH, Kang MS, Lee SA.",Int J Environ Res Public Health. 2021 Jan 28,,,,,,,
37082053,Awareness of probiotics among dental practitioners of Puducherry-A cross-sectional questionnaire study,"Santhanam V, Devi M, Aravindan R, Suganya R, Aroumugam S, Babu MA.",J Oral Maxillofac Pathol. 2022 Oct-Dec,,,,,,,
34884262,"The Problem of Halitosis in Prosthetic Dentistry, and New Approaches to Its Treatment: A Literature Review","Wyszyńska M, Nitsze-Wierzba M, Białożyt-Bujak E, Kasperski J, Skucha-Nowak M.",J Clin Med. 2021 Nov 26,,,,,,,
36422753,Effectiveness of lasers and aPDT in elimination of intraoral halitosis: a systematic review based on clinical trials,"Woźniak A, Matys J, Grzech-Leśniak K.",Lasers Med Sci. 2022 Dec,,,,,,,
35473616,"Knowledge, attitudes and professional practices of ortho-periodontal care of adults: a cross-sectional survey in France","Saloux A, Couatarmanach A, Chauvel B, Jeanne S, Brezulier D.",BMC Oral Health. 2022 Apr 26,,,,,,,
35042209,Case-control study related to the use of L-cysteine in the differential diagnosis of oral halitosis,"Simpione G, Reia VCB, Santaella NG, Maluf G, Santos PSDS.",J Breath Res. 2022 Feb 2,,,,,,,
34505401,The effects of cigarette smoking on the salivary and tongue microbiome,"Suzuki N, Nakano Y, Yoneda M, Hirofuji T, Hanioka T.",Clin Exp Dent Res. 2022 Feb,,,,,,,
34248153,Relationship Between Halitosis and Periodontitis: a Pilot Study,"Musić L, Par M, Peručić J, Badovinac A, Plančak D, Puhar I.",Acta Stomatol Croat. 2021 Jun,,,,,,,
37056747,Beneficial modulation of human health in the oral cavity and beyond using bacteriocin-like inhibitory substance-producing streptococcal probiotics,"Tagg JR, Harold LK, Jain R, Hale JDF.",Front Microbiol. 2023 Mar 28,,,,,,,
32315210,Characterization of oral bacteria in the tongue coating of patients with halitosis using 16S rRNA analysis,"Oshiro A, Zaitsu T, Ueno M, Kawaguchi Y.",Acta Odontol Scand. 2020 Oct,,,,,,,
36535943,The tongue biofilm metatranscriptome identifies metabolic pathways associated with the presence or absence of halitosis,"Carda-Diéguez M, Rosier BT, Lloret S, Llena C, Mira A.",NPJ Biofilms Microbiomes. 2022 Dec 19,,,,,,,
37626337,Frequency tongue coating in patients referred to Kerman Dental School and its relationship with relative factors,"Abbaszadeh E, Navabi N, Karimi Afshar S, Hashemipour MA.",BMC Oral Health. 2023 Aug 25,,,,,,,
32790926,Microbiome variations in preschool children with halitosis,"Zhang Y, Zhu C, Feng X, Chen X.",Oral Dis. 2021 May,,,,,,,
33718263,Dynamic Alterations of Oral Microbiota Related to Halitosis in Preschool Children,"Zhang Y, Zhu C, Cao G, Zhan J, Feng X, Chen X.",Front Cell Infect Microbiol. 2021 Feb 26,,,,,,,
32738007,Screening for prevalence and abundance of Capnocytophaga spp by analyzing NGS data: A scoping review,"Jolivet-Gougeon A, Bonnaure-Mallet M.",Oral Dis. 2021 Oct,,,,,,,
37654333,"Knowledge and Attitude of Dental Practitioners about Probiotics in Alkharj, Kingdom of Saudi Arabia","Gowdar IM, Aljuma A, Alenazi N, Alqahtani O, Altayyar T, Almiqren A.",J Pharm Bioallied Sci. 2023 Jul,,,,,,,
37503575,The effect of mastic mouthwash on halitosis and oral hygiene in orthodontic patients: a randomized clinical trial,"Tsironi K, Mylonopoulou IM, Pandis N, Vassilopoulos S, Sifakakis I, Papaioannou W.",Eur J Orthod. 2023 Nov 30,,,,,,,
32810155,Self-reported and clinical periodontal conditions in a group of Eastern European postpartum women,"Micu IC, Bolboacă SD, Caracostea GV, Gligor D, Ciurea A, Iozon S, Soancă A, Mureșan D, Roman A.",PLoS One. 2020 Aug 18,,,,,,,
33238198,"Oral hygiene associated with antimicrobial photodynamic therapy or lingual scraper in the reduction of halitosis after 90 days follow up: A randomized, controlled, single-blinded trial","Romero SS, do Vale KL, Remolina VG, Silva TG, Schalch TO, Ramalho KM, Negreiros RM, Ando ES, Mayer MPA, Mesquita Ferrari RA, Motta LJ, Fernandes KPS, Bussadori SK, Horliana ACRT.",Photodiagnosis Photodyn Ther. 2021 Mar,,,,,,,
30334433,Microbiological results of improvement in periodontal condition by administration of oral probiotics,"Inchingolo F, Dipalma G, Cirulli N, Cantore S, Saini RS, Altini V, Santacroce L, Ballini A, Saini R.",J Biol Regul Homeost Agents. 2018 Sep-Oct,,,,,,,
35664954,Self-reported halitosis and associated factors among older adults: A cross-sectional study,"Moreno LB, Colussi PRG, Marostega MG, Rosalen NP, Rösing CK, Muniz FWMG.",J Oral Biol Craniofac Res. 2022 Jul-Aug,,,,,,,
35641105,Oral microbiota populations of adult dogs consuming wet or dry foods,"Oba PM, Sieja KM, Keating SCJ, Hristova T, Somrak AJ, Swanson KS.",J Anim Sci. 2022 Aug 1,,,,,,,
31981254,Periodontitis and self-reported halitosis among young adults from the 1982 Pelotas Birth Cohort,"Silva MF, Nascimento GG, Leite FRM, Horta BL, Demarco FF.",Oral Dis. 2020 May,,,,,,,
35700696,Hematological biomarkers of systemic inflammation in genuine (physiologic and pathologic) halitosis,"Park S, Jo JH, Kim YK, Park JW.",J Breath Res. 2022 Jun 23,,,,,,,
31553956,Relationship of tongue coating microbiome on volatile sulfur compounds in healthy and halitosis adults,"Ye W, Zhang Y, He M, Zhu C, Feng XP.",J Breath Res. 2019 Nov 19,,,,,,,
33660384,The association between halitosis and chemosensory disorders: A systematic review,"Schertel Cassiano L, Leite FRM, López R, Fjaeldstad AW, Nascimento GG.",Oral Dis. 2023 Mar,,,,,,,
36739506,Psychological factors and oral health during initial outbreak of COVID-19 in China: A cross-sectional study,"Sun Q, Ren H, Bian Y, Xie Y, Shi H.",J Int Med Res. 2023 Feb,,,,,,,
34486723,"Interdental and subgingival microbiota may affect the tongue microbial ecology and oral malodour in health, gingivitis and periodontitis","Stephen AS, Dhadwal N, Nagala V, Gonzales-Marin C, Gillam DG, Bradshaw DJ, Burnett GR, Allaker RP.",J Periodontal Res. 2021 Dec,,,,,,,
30866896,Prevalence and relevant factors of halitosis in Chinese subjects: a clinical research,"Du M, Li L, Jiang H, Zheng Y, Zhang J.",BMC Oral Health. 2019 Mar 13,,,,,,,
32623645,Role of Probiotics in Oral Health Maintenance Among Patients Undergoing Fixed Orthodontic Therapy: a Systematic Review of Randomized Controlled Clinical Trials,"Pietri FK, Rossouw PE, Javed F, Michelogiannakis D.",Probiotics Antimicrob Proteins. 2020 Dec,,,,,,,
31725203,Combining culture and culture-independent methods reveals new microbial composition of halitosis patients' tongue biofilm,"Bernardi S, Karygianni L, Filippi A, Anderson AC, Zürcher A, Hellwig E, Vach K, Macchiarelli G, Al-Ahmad A.",Microbiologyopen. 2020 Feb,,,,,,,
31516527,"Oral Health Knowledge, Attitude, and Practice among Nursing Students in the North-Eastern Part of Rajasthan, India","Yadav OP, Khan A, Khan S, Gupta S, Gupta R, Gupta R.",Iran J Nurs Midwifery Res. 2019 Sep-Oct,,,,,,,
34154447,Influence of Age and Sex on Clinical and Therapeutic Features of Laryngopharyngeal Reflux,"Lechien JR, Carroll TL, Bobin F, Muls V, Rodriguez A, Horoi M, Dequanter D, Crevier-Buchman L, Hans S, Saussez S.",Otolaryngol Head Neck Surg. 2022 Mar,,,,,,,
33946101,Can text messages encourage flossing among orthodontic patients?,"Santos JB, Pereira LC, Neves JG, Pithon MM, Santamaria M.",Angle Orthod. 2021 Sep 1,,,,,,,
31017680,WITHDRAWN: Interdental brushing for the prevention and control of periodontal diseases and dental caries in adults,"Poklepovic Pericic T, Worthington HV, Johnson TM, Sambunjak D, Imai P, Clarkson JE, Tugwell P.",Cochrane Database Syst Rev. 2019 Apr 24,,,,,,,
33989296,Comparative study between photodynamic therapy with urucum + Led and probiotics in halitosis reduction-protocol for a controlled clinical trial,"Motta PB, Motta LJ, Costa da Mota AC, Leal Gonçalves ML, Silva T, Momolli M, de Andrade DC, Santos Fernandes KP, Mesquita-Ferrari RA, Deana AM, Wainwright M, Prates RA, Horliana ACRT, Bussadori SK.",PLoS One. 2021 May 14,,,,,,,
35939512,ZccE is a Novel P-type ATPase That Protects Streptococcus mutans Against Zinc Intoxication,"Ganguly T, Peterson AM, Burkholder M, Kajfasz JK, Abranches J, Lemos JA.",PLoS Pathog. 2022 Aug 8,,,,,,,
38773918,The effect of oral massage intervention on oral hygiene at home care,"Chen IC, Lin CT, Hsu PY, Pai LW, Yu CH, Liu HL.",Int J Dent Hyg. 2024 May 21. doi: 10.1111/idh.12824. Online ahead of print.,Chen IC,Int J Dent Hyg,2024,5/22/2024,,,10.1111/idh.12824
37727352,The Yin and Yang of Sodium Lauryl Sulfate Use for Oral and Periodontal Health: A Literature Review,"Sabri H, Derakhshan Barjoei MM, Azarm A, Sadighnia N, Shakiba R, Aghebati G, Hadilou N, Kheiri P, Ghanbari F, Deravi N, Mokhtari M.",J Dent (Shiraz). 2023 Sep,,,,,,,
36073813,"Genetic Determinants of Hydrogen Sulfide Biosynthesis in Fusobacterium nucleatum Are Required for Bacterial Fitness, Antibiotic Sensitivity, and Virulence","Chen YW, Camacho MI, Chen Y, Bhat AH, Chang C, Peluso EA, Wu C, Das A, Ton-That H.",mBio. 2022 Oct 26,,,,,,,
35324036,Changes in halitosis value before and after Helicobacter pylori eradication: A single-institutional prospective study,"Kudo Y, Kudo SE, Miyachi H, Ichimasa K, Ogawa Y, Kouyama Y, Sakurai T, Ikeda M, Saito Y, Kamada T, Gotoda T.",J Gastroenterol Hepatol. 2022 May,,,,,,,
32620111,"Chemosensory dysfunction, Oral disorders and Oral health-related quality of life in patients with primary Sjögren's syndrome: comparative cross-sectional study","Šijan Gobeljić M, Milić V, Pejnović N, Damjanov N.",BMC Oral Health. 2020 Jul 3,,,,,,,
31872105,"Effects of stabilized stannous fluoride dentifrice on dental calculus, dental plaque, gingivitis, halitosis and stain: A systematic review","Johannsen A, Emilson CG, Johannsen G, Konradsson K, Lingström P, Ramberg P.",Heliyon. 2019 Dec 9,,,,,,,
36301704,Effects ofBifidobacterium lactisHN019 andLactobacillus acidophilusNCFM on volatile sulfur compounds produced by oral anaerobes,"Huang P, Yuan S, Xu X, Peng X.",J Breath Res. 2022 Nov 4,,,,,,,
32859247,Effects of eradication of Helicobacter pylori on oral malodor and the oral environment: a single-center observational study,"Suzuki N, Beppu R, Yoneda M, Takeshita T, Asakawa M, Yamashita Y, Hanioka T, Hirofuji T, Shinohara T.",BMC Res Notes. 2020 Aug 28,,,,,,,
35699367,Potential applications of medicinal herbs and phytochemicals in oral and dental health: Status quo and future perspectives,"Dalir Abdolahinia E, Hajisadeghi S, Moayedi Banan Z, Dadgar E, Delaramifar A, Izadian S, Sharifi S, Maleki Dizaj S.",Oral Dis. 2023 Oct,,,,,,,
28836329,The effect of professional tooth cleaning or non-surgical periodontal therapy on oral halitosis in patients with periodontal diseases. A systematic review,"Deutscher H, Derman S, Barbe AG, Seemann R, Noack MJ.",Int J Dent Hyg. 2018 Feb,,,,,,,
30334434,Clinical results of improvement in periodontal condition by administration of oral probiotics,"Cantore S, Ballini A, De Vito D, Abbinante A, Altini V, Dipalma G, Inchingolo F, Saini R.",J Biol Regul Homeost Agents. 2018 Sep-Oct,,,,,,,
35546457,"Efficacy of Melaleuca alternifolia and chlorhexidine mouth rinses in reducing oral malodor and Solobacterium moorei levels. A 1 week, randomized, double-blind, parallel study","Srikumar KP, Bhagyashree BN, Srirangarajan S, Ravi RJ, Vinaya R.",Indian J Pharmacol. 2022 Mar-Apr,,,,,,,
33634320,The role of oral microbiome in pemphigus vulgaris,"Zorba M, Melidou A, Patsatsi A, Poulopoulos A, Gioula G, Kolokotronis A, Minti F.",Arch Microbiol. 2021 Jul,,,,,,,
35627684,On the Necessity of a Geriatric Oral Health Care Transition Model: Towards an Inclusive and Resource-Oriented Transition Process,"Nitschke I, Nitschke S, Haffner C, Sobotta BAJ, Jockusch J.",Int J Environ Res Public Health. 2022 May 18,,,,,,,
31110614,Clinical effect of toothpaste and mouth rinse containing zinc lactate on oral malodor reduction,"Srisilapanan P, Roseman J, Likitsatian T.",J Clin Exp Dent. 2019 Apr 1,,,,,,,
34370911,"A randomized, blinded, clinical investigation of breath odor reduction efficacy of a stabilized chlorine-dioxide containing flavored mouthwash","Lee SS, Suprono MS, Stephens J, Withers SA, Oyoyo U, Li Y.",Am J Dent. 2021 Aug,,,,,,,
32700516,In Vitro Antibacterial Effectiveness of a Naturopathic Oral Care Product on Oral Pathogens,"Beyer A, Dalton M, Doll K, Winkel A, Stumpp NS, Stiesch M.",Oral Health Prev Dent. 2020 Jul 24,,,,,,,
35485180,Evaluation of halitosis parameters in patients undergoing head and neck radiotherapy,"Maluf GV, Caldas RJ, Fregnani ER, Antunes HS, Tobias MAS, da Silva Santos PS.",Oral Dis. 2023 May,,,,,,,
30567440,"Correlation between halitosis, oral health status and salivary ß-galactosidases and time spent in physical activities in children","Petrini M, Costacurta M, Biferi V, Benavoli D, Docimo R, Spoto G.",Eur J Paediatr Dent. 2018 Dec,,,,,,,
37747001,Self-perceived halitosis and its social impact on females: A cross-sectional study,"Alssum L, Alsaleh L, Alzoman H.",Medicine (Baltimore). 2023 Sep 22,,,,,,,
34884234,"Efficacy of a Zinc Lactate Mouthwash and Tongue Scraping in the Reduction of Intra-Oral Halitosis: A Single-blind, Controlled, Crossover Clinical Trial-A Pilot Study","Dudzik A, Sozkes S, Michalak E, Olszewska-Czyz I.",J Clin Med. 2021 Nov 26,,,,,,,
36585474,Clinical efficacy of photodynamic therapy on halitosis: a systematic review and meta-analysis,"Wang N, Hao S, Zhang J, Yang J.",Lasers Med Sci. 2022 Dec 30,,,,,,,
28544762,The effect of a tooth/tongue gel and mouthwash regimen on morning oral malodour: A 3-week single-blind randomized clinical trial,"Van der Sluijs E, Van der Weijden GA, Hennequin-Hoenderdos NL, Slot DE.",Int J Dent Hyg. 2018 Feb,,,,,,,
30523908,A randomized cross-over short-term study on the short-term effects of a zinc-lactate containing mouthwash against oral malodour,"Jervøe-Storm PM, Schulze H, Jepsen S.",J Breath Res. 2019 Mar 1,,,,,,,
34392403,The effect of Brazilian propolis type-3 against oral microbiota and volatile sulfur compounds in subjects with morning breath malodor,"de Faveri M, Pupio GC, Koo H, Bueno-Silva B, de Oliveira KM, Figueiredo LC, Rosalen PL, Hayacibara RM, Fujimaki M.",Clin Oral Investig. 2022 Feb,,,,,,,
35281303,Thinned-Young Apple Polyphenols Inhibit Halitosis-Related Bacteria Through Damage to the Cell Membrane,"Liu T, Shen H, Wang F, Zhou X, Zhao P, Yang Y, Guo Y.",Front Microbiol. 2022 Feb 23,,,,,,,
33732447,"Inter-site and interpersonal diversity of salivary and tongue microbiomes, and the effect of oral care tablets","Maruyama H, Masago A, Nambu T, Mashimo C, Takahashi K, Okinaga T.",F1000Res. 2020 Dec 17,,,,,,,
29541146,Association of Tongue Bacterial Flora and Subtypes of Liver-Fire Hyperactivity Syndrome in Hypertensive Patients,"Luo JW, Lin CH, Zhu YB, Zheng XY, Wu YX, Chen WW, Yang X.",Evid Based Complement Alternat Med. 2018 Jan 10,,,,,,,
35625248,Chlorhexidine Improves Hygiene Reducing Oral Polymorphonuclear Leukocytes with Antimicrobial Effects at Distinct Microenvironments amongst Subjects Stratified by Health Status,"Sreenivasan PK, Haraszthy VI.",Antibiotics (Basel). 2022 Apr 29,,,,,,,
37958031,The Power of Licorice (Radix glycyrrhizae) to Improve Oral Health: A Comprehensive Review of Its Pharmacological Properties and Clinical Implications,"AlDehlawi H, Jazzar A.",Healthcare (Basel). 2023 Nov 2,,,,,,,
34964328,[Correction of halitosis in chronic inflammatory diseases of the oropharynx in adults],"Savlevich EL, Doroshchenko NE, Zharkikh MA, Markus PV, Gerasimov AN.",Vestn Otorinolaringol. 2021,,,,,,,
30218226,Effects of oral prophylaxis including tongue cleaning on halitosis and gingival inflammation in gingivitis patients-a randomized controlled clinical trial,"Acar B, Berker E, Tan Ç, İlarslan YD, Tekçiçek M, Tezcan İ.",Clin Oral Investig. 2019 Apr,,,,,,,
34890037,Prevention of the proliferation of oral pathogens due to prolonged mask use based on α-cyclodextrin and hydroxytyrosol mouthwash,"Naureen Z, Capodicasa N, Paolacci S, Anpilogov K, Dautaj A, Dhuli K, Camilleri G, Connelly ST, Gasparetto A, Bertelli M.",Eur Rev Med Pharmacol Sci. 2021 Dec,,,,,,,
32250565,Inhibitory effect of Streptococcus salivarius K12 and M18 on halitosis in vitro,"Yoo HJ, Jwa SK, Kim DH, Ji YJ.",Clin Exp Dent Res. 2020 Apr,,,,,,,
36760146,Effects of thyme on halitosis in gingivitis patients: Can thyme mouthwash prevent halitosis-A randomized trial,"Altındal D, Deveci KC, Öner Talmaç AG, Talmaç AC, Çalışır M.",Int J Dent Hyg. 2023 May,,,,,,,
34259433,Comparison of the Efficacy of Three Types of Disinfectants Approved for Oral Use in Japan in Reducing the Bacterial Count of Tongue Coating: A Randomised-Controlled Study,"Funahara M, Soutome S, Nakamura A, Soh I, Honda H, Hikiji H.",Oral Health Prev Dent. 2021 Jan 7,,,,,,,
29962429,Effects of French Pine Bark Extract Chewing Gum on Oral Malodor and Salivary Bacteria,"Watanabe K, Hiramine H, Toyama T, Hamada N.",J Nutr Sci Vitaminol (Tokyo). 2018,,,,,,,
30584498,Intra-Oral Factors Influencing Halitosis in Young Women,"Shon HS, Kim KO, Jung JK, Cha EJ, Lee SO, Kim KA.",Osong Public Health Res Perspect. 2018 Dec,,,,,,,
35762095,Treatment of gingivitis is associated with reduction of systemic inflammation and improvement of oral health-related quality of life: A randomized clinical trial,"Perić M, Marhl U, Gennai S, Marruganti C, Graziani F.",J Clin Periodontol. 2022 Sep,,,,,,,
32732931,Nitrate as a potential prebiotic for the oral microbiome,"Rosier BT, Buetas E, Moya-Gonzalvez EM, Artacho A, Mira A.",Sci Rep. 2020 Jul 30,,,,,,,
37215577,Non-canonical integrin signaling activates EGFR and RAS-MAPK-ERK signaling in small cell lung cancer,"Rubio K, Romero-Olmedo AJ, Sarvari P, Swaminathan G, Ranvir VP, Rogel-Ayala DG, Cordero J, Günther S, Mehta A, Bassaly B, Braubach P, Wygrecka M, Gattenlöhner S, Tresch A, Braun T, Dobreva G, Rivera MN, Singh I, Graumann J, Barreto G.",Theranostics. 2023 Apr 17,,,,,,,
38026667,Therapeutic effect of aged garlic extract on gingivitis in dogs,"Takahashi K, Nango H, Ushijima M, Takashima M, Nakamoto M, Matsutomo T, Jikihara H, Arakawa N, Maki S, Yabuki A, Endo Y, Yamato O.",Front Vet Sci. 2023 Nov 6,,,,,,,
33134132,"Effectiveness of novel herbal dentifrice in control of plaque, gingivitis, and halitosis - Randomized controlled trial","Pentapati KC, Kukkamalla MA, Siddiq H, Sabnis N.",J Tradit Complement Med. 2019 Jun 25,,,,,,,
32978806,Mechanical tongue cleaning is a worthwhile procedure to improve the taste sensation,"Timmesfeld N, Kunst M, Fondel F, Güldner C, Steinbach S.",J Oral Rehabil. 2021 Jan,,,,,,,
35959299,Comparative evaluation of nutmeg mouthwash and 0.2% chlorhexidine gluconate mouthwash on halitosis and plaque control: A randomized clinical trial,"Padol MV, Vishwakarma P, Dodamani AS, Gore AW, Chachlani KS, Kharkar SP.",J Indian Soc Periodontol. 2022 Jul-Aug,,,,,,,
37759210,Oral manifestations of COVID-19 in unvaccinated patients: a cross-sectional study,"Fernandes TJ, Ogrzewalska M, Martins EB, de Siqueira MAMT, Brasil P, Calvet GA.",BMC Oral Health. 2023 Sep 27,,,,,,,
37220436,Comparative Evaluation of Three Probiotics for Streptococcus mutans Prevention in Plaque Around Orthodontic Braces,"Baxi S, Bhatia V, Tripathi AA, Kumar P, Tiwari A, Bagde H.",Cureus. 2023 Apr 21,,,,,,,
33884263,Comparative Evaluation of the Effects of Adenotonsillar Hypertrophy on Oral Health in Children,"İnönü-Sakallı N, Sakallı C, Tosun Ö, Akşit-Bıçak D.",Biomed Res Int. 2021 Apr 2,,,,,,,
37493204,"Lactobacillus paracasei ET-22 and derived postbiotics reduce halitosis and modulate oral microbiome dysregulation - a randomized, double-blind placebo-controlled clinical trial","Wuri G, Liu F, Sun Z, Fang B, Zhao W, Hung WL, Liu WH, Zhang X, Wang R, Wu F, Zhao L, Zhang M.",Food Funct. 2023 Aug 14,,,,,,,
37231271,Effects of water flossing on gingival inflammation and supragingival plaque microbiota: a 12-week randomized controlled trial,"Xu X, Zhou Y, Liu C, Zhao L, Zhang L, Li H, Li Y, Cheng X.",Clin Oral Investig. 2023 Aug,,,,,,,
34201467,Association of Graphene Silver Polymethyl Methacrylate (PMMA) with Photodynamic Therapy for Inactivation of Halitosis Responsible Bacteria in Denture Wearers,"Bacali C, Carpa R, Buduru S, Moldovan ML, Baldea I, Constantin A, Moldovan M, Prodan D, Dascalu Rusu LM, Lucaciu O, Catoi F, Constantiniuc M, Badea M.",Nanomaterials (Basel). 2021 Jun 23,,,,,,,
35484014,Profiling volatile compounds from culture supernatants of periodontal bacteria using gas chromatography/mass spectrometry/olfactometry analysis with a monolithic silica gel adsorption device,"Mori A, Taniguchi M, Kuboniwa M, Amano A, Fukusaki E.",J Biosci Bioeng. 2022 Jul,,,,,,,
30374625,Egg yolk immunoglobulin interactions with Porphyromonas gingivalis to impact periodontal inflammation and halitosis,"Qiao W, Wang F, Xu X, Wang S, Regenstein JM, Bao B, Ma M.",AMB Express. 2018 Oct 29,,,,,,,
38595383,Utilization of Probiotics Among Dental Students: A KAP Study,"Kala T, Priyaranjan, Khanna SS, Kaur H, Gupta N, Shetty A, Tiwari HD.",J Pharm Bioallied Sci. 2024 Feb,,,,,,,
32950726,Efficacy of antimicrobial photodynamic therapy against halitosis in adolescent patients undergoing orthodontic treatment,"Alshahrani AA, Alhaizaey A, Kamran MA, Alshahrani I.",Photodiagnosis Photodyn Ther. 2020 Dec,,,,,,,
37926978,Evaluation of the Change in Halitosis with the Improvement in Oral Health in Cleft Lip and Palate Patients,"Aslan BI, Uzuner FD, Taskaldıran ES, Tuter G, Gulsen A, Güngör K, Ucuncu N.",Cleft Palate Craniofac J. 2023 Nov 5:10556656231212033. doi: 10.1177/10556656231212033. Online ahead of print.,Aslan BI,Cleft Palate Craniofac J,2023,11/6/2023,,,10.1177/10556656231212033
30604094,Infrared Thermal Imaging for Diabetes Detection and Measurement,"Selvarani A, Suresh GR.",J Med Syst. 2019 Jan 2,,,,,,,
37439803,"Halitosis Relief Effect of Mouthwash Containing Lespedeza cuneata Extract: A Randomised, Double-Blind, Placebo-Controlled Study","Kim YR, Nam SH.",Oral Health Prev Dent. 2023 Jul 13,,,,,,,
37536001,"The impact of aromatherapy-based oral care on oral conditions, salivary pH, and halitosis in older adults with dementia: Pilot study","Chang AK, Kim BK, Kim AY.",Geriatr Nurs. 2023 Sep-Oct,,,,,,,
35085920,Transcriptome analysis of Fusobacterium nucleatum reveals differential gene expression patterns in the biofilm versus planktonic cells,"Zhao T, Chen J, Liu S, Yang J, Wu J, Miao L, Sun W.",Biochem Biophys Res Commun. 2022 Feb 19,,,,,,,
32250572,Effectiveness of an oral care tablet containing kiwifruit powder in reducing oral bacteria in tongue coating: A crossover trial,"Matsumura Y, Hinode D, Fukui M, Yoshioka M, Asakuma H, Takii H.",Clin Exp Dent Res. 2020 Apr,,,,,,,
30064419,Predicting oral malodour based on the microbiota in saliva samples using a deep learning approach,"Nakano Y, Suzuki N, Kuwata F.",BMC Oral Health. 2018 Jul 31,,,,,,,
36673585,Analysis of Quantitative Light-Induced Fluorescence Images for the Assessment of Bacterial Activity and Distribution of Tongue Coating,"Kim YR, Kang HK.",Healthcare (Basel). 2023 Jan 11,,,,,,,
37793316,Effects of preoperative oral care on bacterial colonisation and halitosis in patients undergoing elective surgery: A randomised controlled study,"Lee WY, Marc O'Donnell J, Kuo SY.",Intensive Crit Care Nurs. 2024 Feb,,,,,,,
36583042,"Identification of a new probiotic strain, Lactiplantibacillus plantarum VHProbi(®) V38, and its use as an oral health agent","Zhang J, Duan Z.",Front Microbiol. 2022 Dec 12,,,,,,,
37635655,"Comparison of halitosis according to herbal mouthwash containing Glycyrrhiza uralensis extract and saline mouthwash: A randomized, double-blind, placebo-controlled study","Kim YR, Nam SH.",Int J Dent Hyg. 2023 Aug 28. doi: 10.1111/idh.12724. Online ahead of print.,Kim YR,Int J Dent Hyg,2023,8/28/2023,,,10.1111/idh.12724
38760711,Oral microbiota transplantation for intra-oral halitosis: a feasibility analysis based on an oral microbiota colonization trial in Wistar rats,"Huang Z, Cheng Y.",BMC Microbiol. 2024 May 17,,,,,,,
31799694,Are Lactobacillus salivarius G60 and inulin more efficacious to treat patients with oral halitosis and tongue coating than the probiotic alone and placebo? A randomized clinical trial,"Mousquer CR, Della Bona A, Milani DC, Callegari-Jacques SM, Ishikawa K, Mayer MPA, Rösing CK, Fornari F.",J Periodontol. 2020 Jun,,,,,,,
31489824,The correlation between different techniques for the evaluation of oral malodour in children with and without orthodontic treatment,"Costacurta M, Petrini M, Biferi V, Arcuri C, Spoto G, Docimo R.",Eur J Paediatr Dent. 2019 Sep,,,,,,,
30964972,A Randomized Parallel Study to Assess the Effect of Three Tongue Cleaning Modalities on Oral Malodor,"Li Y, Lee S, Stephens J, Zhang W, Suprono M, Mwatha A, Ward M, Mirza F.",J Clin Dent. 2019 Mar,,,,,,,
36079120,Do Otolaryngologists Over- or Underestimate Laryngopharyngeal Reflux Symptoms and Findings in Clinical Practice? A Comparison Study between the True Prevalence and the Otolaryngologist-Estimated Prevalence of Symptoms and Findings,Lechien JR.,J Clin Med. 2022 Sep 1,,,,,,,
34733749,"Comparison of the Effect of Er,Cr:YSGG Laser and Halita Mouthwash on Oral Malodor in Patients With Chronic Periodontitis: A Randomized Clinical Trial","Poormoradi B, Gholami L, Fekrazad R, Hooshyarfard A, Noorani AR, Loft Haghpanah Z, Farhadian M.",J Lasers Med Sci. 2021 Jun 20,,,,,,,
33065302,Antimicrobial capacity of photodynamic therapy on oral health-related quality of life and halitosis among elderly patients wearing removal dentures,"Labban N, Assery MK, Al-Kattan R, Al-Shibani N, Alfouzan AF, Al Taweel SM.",Photodiagnosis Photodyn Ther. 2020 Dec,,,,,,,
37058047,Comparative study between photodynamic therapy and the use of probiotics in the reduction of halitosis in mouth breathing children: Study protocol for a randomized controlled clinical trial,"Bruno LH, Sobral APT, Gonçalves MLL, Fossati AL, Santos EM, Gallo JMAS, Ferri EP, Motta PB, Prates RA, Deana AM, Horliana ACRT, Motta LJ, Bussadori SK.",Medicine (Baltimore). 2023 Apr 14,,,,,,,
30386642,"Efficacy of chlorine dioxide mouthwash in reducing oral malodor: A 2-week randomized, double-blind, crossover study","Pham TAV, Nguyen NTX.",Clin Exp Dent Res. 2018 Oct 23,,,,,,,
36439237,"Prolonged mask wearing does not alter the oral microbiome, salivary flow rate or gingival health status - A pilot study","Au S, Baraniya D, Dao J, Awan SB, Alvarez J, Sklar S, Chen T, Puri S, Al-Hebshi NN.",Front Cell Infect Microbiol. 2022 Nov 10,,,,,,,
33841736,"Does the use of face masks during the COVID-19 pandemic impact on oral hygiene habits, oral conditions, reasons to seek dental care and esthetic concerns?","Pinzan-Vercelino CR, Freitas KM, Girão VM, da Silva DO, Peloso RM, Pinzan A.",J Clin Exp Dent. 2021 Apr 1,,,,,,,
32428892,"Effects of academic stress on the levels of oral volatile sulfur compounds, halitosis-related bacteria and stress biomarkers of healthy female undergraduate students","De Lima PO, Nani BD, Rolim GS, Groppo FC, Franz-Montan M, Alves De Moraes AB, Cogo-Müller K, Marcondes FK.",J Breath Res. 2020 Jul 3,,,,,,,
36654644,"Self-Perceived Halitosis and Related Factors Among the Mask-Wearing Population During the COVID-19 Pandemic in Delhi, India: A Cross-Sectional Study","Bhatia S, Mohanty V, Balappanavar AY, Rijhwani K, Chahar P, Gupta R.",Cureus. 2022 Dec 14,,,,,,,
31308274,Effectiveness of Various Tongue Cleaning Aids in the Reduction of Tongue Coating and Bacterial Load: A Comparative Clinical Study,"Dwivedi V, Torwane NA, Tyagi S, Maran S.",J Contemp Dent Pract. 2019 Apr 1,,,,,,,
35866676,"The Effect of Mouthwash with Sambucus williamsii var. coreana Extract on Halitosis: A Randomised, Double-Blind, ﻿Placebo-Controlled Study","Kim YR, Nam SH.",Oral Health Prev Dent. 2022 Jun 28,,,,,,,
31695509,Halitosis And Its Associated Factors Among Kermanshah High School Students (2015),"Ziaei N, Hosseinpour S, Nazari H, Rezaei M, Rezaei K.",Clin Cosmet Investig Dent. 2019 Oct 22,,,,,,,
29392764,Genuine halitosis in patients with dental and laryngological etiologies of mouth odor: severity and role of oral hygiene behaviors,"Herman S, Lisowska G, Herman J, Wojtyna E, Misiołek M.",Eur J Oral Sci. 2018 Apr,,,,,,,
33771143,Impact of COVID-19 on the oral health of adults in Wuhan and China: results of a nationwide online cross-sectional questionnaire survey,"Zhang S, Liu C, Zhang C, Jiang H, Tai B, Du M.",BMC Oral Health. 2021 Mar 26,,,,,,,
32227309,"The Effect of Streptococcus salivarius K12 on Halitosis: a Double-Blind, Randomized, Placebo-Controlled Trial","He L, Yang H, Chen Z, Ouyang X.",Probiotics Antimicrob Proteins. 2020 Dec,,,,,,,
30620871,Short- and Long-Term Effects of a Dentifrice Containing Dual Zinc plus Arginine on Intra-Oral Halitosis: Improvements in Breath Quality,"Saad S, Fitzgerald M, Hewett K, Greenman J, Vandeven M, Trivedi HM, Masters JG.",J Clin Dent. 2018 Sep,,,,,,,
33262870,"Halitosis, reduced salivary flow and the quality of life in pre-kidney transplantation patients","Santaella NG, Maciel AP, Simpione G, Santos PS.",J Clin Exp Dent. 2020 Nov 1,,,,,,,
30530235,"Effects of Lactobacillus salivarius WB21 combined with green tea catechins on dental caries, periodontitis, and oral malodor","Higuchi T, Suzuki N, Nakaya S, Omagari S, Yoneda M, Hanioka T, Hirofuji T.",Arch Oral Biol. 2019 Feb,,,,,,,
38477668,"Effects of a novel dental chew on oral health outcomes, halitosis, and microbiota of adult dogs","Oba PM, Sieja KM, Schauwecker A, Somrak AJ, Hristova TS, Keating SCJ, Swanson KS.",J Anim Sci. 2024 Jan 3,,,,,,,
31637836,Relationship between oral environment and development of pneumonia and acute viral respiratory infection in dependent older individuals,"Tashiro H, Kikutani T, Tamura F, Takahashi N, Tohara T, Nawachi K, Maekawa K, Kuboki T.",Geriatr Gerontol Int. 2019 Nov,,,,,,,
38459669,Changes in oral functions and speech when using custom-fitted mouthguards: An uncontrolled before-and-after study,"Mat Zainal MK, Liew AKC, Abdullah D, Soo E, Abdul Hamid B, Ramlee RAM.",Dent Traumatol. 2024 Mar 8. doi: 10.1111/edt.12939. Online ahead of print.,Mat Zainal MK,Dent Traumatol,2024,3/9/2024,,,10.1111/edt.12939
37982193,A structural color hydrogel for diagnosis of halitosis and screening of periodontitis,"Hu C, Zhou J, Zhang J, Zhao Y, Xie C, Yin W, Xie J, Li H, Xu X, Zhao L, Qin M, Li J.",Mater Horiz. 2024 Jan 22,,,,,,,
31782537,"Self-reported halitosis in a sample of Brazilians: Prevalence, associated risk predictors and accuracy estimates with clinical diagnosis","Faria SFS, Costa FO, Silveira JO, Cyrino RM, Cota LOM.",J Clin Periodontol. 2020 Feb,,,,,,,
30755185,Improved antibacterial effects of alkali-transformed saponin from quinoa husks against halitosis-related bacteria,"Sun X, Yang X, Xue P, Zhang Z, Ren G.",BMC Complement Altern Med. 2019 Feb 12,,,,,,,
37724895,"Oral Probiotics, Streptococcus salivarius K12 and M18, Suppress the Release of Volatile Sulfur Compounds and a Virulent Protease from Oral Bacteria: An In-Vitro Study","Park JA, Lee GR, Lee JY, Jin BH.",Oral Health Prev Dent. 2023 Aug 29,,,,,,,
32582779,Dog Owners' Perspectives on Canine Dental Health-A Questionnaire Study in Sweden,"Enlund KB, Brunius C, Hanson J, Hagman R, Höglund OV, Gustås P, Pettersson A.",Front Vet Sci. 2020 Jun 9,,,,,,,
37667746,"Comparative Assessment of Oral Health Attitudes and Behaviors of First-Time and Previous Dental Patients Undergoing Exodontia Treatment During the COVID-19 Pandemic in Private Dental Clinics in Riyadh City, Saudi Arabia","AlHaj MAK, Baseer MA, AlSaffan AD, Ingle NA.",Risk Manag Healthc Policy. 2023 Aug 30,,,,,,,
37702318,A retrospective analysis of patients suffering from halitosis over a 17-year period,"Hauenstein C, Ortiz V, Filippi A.",Swiss Dent J. 2023 Sep 13,,,,,,,
32379992,"Reduction of Halitosis by a Tablet Containing Weissella cibaria CMU: A Randomized, Double-Blind, Placebo-Controlled Study","Lee DS, Lee SA, Kim M, Nam SH, Kang MS.",J Med Food. 2020 Jun,,,,,,,
33276115,"Treatment of halitosis with photodynamic therapy in older adults with complete dentures: A randomized, controlled, clinical trial","Llanos do Vale K, Ratto Tempestini Horliana AC, Romero Dos Santos S, Oppido Schalch T, Melo de Ana A, Agnelli Mesquita Ferrari R, Kalil Bussadori S, Porta Santos Fernandes K.",Photodiagnosis Photodyn Ther. 2021 Mar,,,,,,,
38805486,A scoping review on the use of traditional medicine and oral health in Africa,"Foláyan MO, Olagunju MT, Abodunrin OR, Alade OT.",PLoS One. 2024 May 28,,,,,,,
37346849,"Evaluation of the effectiveness of green tea mouth rinse on oral halitosis, tongue coating, and plaque accumulation in comparison with 0.2% chlorhexidine mouth rinse - A double-blind randomized control trial","Sharma P, Chandrashekar BR, Mruthunjaya K, Bhaskar V.",J Indian Soc Periodontol. 2023 May-Jun,,,,,,,
38384124,Effectiveness of Glutamine Oral Care in Reducing Oral Mucositis and Improving Oral Health After Neurosurgery: A Randomized Controlled Trial with Microbiome Analysis,"Gao Y, Yang H, Zhang X, Ma Y, Wang L.",Med Sci Monit. 2024 Feb 22,,,,,,,
30609885,Effect of IgY on Periodontitis and Halitosis Induced by Fusobacterium nucleatum,"Wang F, Qiao W, Bao B, Wang S, Regenstein J, Shi Y, Wu W, Ma M.",J Microbiol Biotechnol. 2019 Feb 28,,,,,,,
35426206,Correlation between the salivary microbiology and H(2) S concentration of the oral cavity,"Jiang J, Huang Y, Luo N, Mi Q, Li X, Zhang W, Sun S, Zhu B, Gao Q.",Oral Dis. 2023 Jul,,,,,,,
30826504,Efficacy of β-caryophyllene for periodontal disease related factors,"Yoo HJ, Jwa SK.",Arch Oral Biol. 2019 Apr,,,,,,,
30216545,A new method of choice for organoleptic scoring: The negative-pressure technique,"Laleman I, De Geest S, Dekeyser C, Teughels W, Quirynen M.",J Clin Periodontol. 2018 Nov,,,,,,,
38376432,Sociodemographic and Behavioural Factors Affecting the Oral-Health-Related Quality of Life as Measured with the Child-OIDP Index in Adolescents,"Alvarez-Azaustre MP, Greco R, Llena C.",Oral Health Prev Dent. 2024 Feb 20,,,,,,,
38377048,Oral microbiome research - a call for equity and inclusion,Jamieson LM.,Community Dent Health. 2024 Feb 29,,,,,,,
32038896,Comparison of Efficacy of Cannabinoids versus Commercial Oral Care Products in Reducing Bacterial Content from Dental Plaque: A Preliminary Observation,"Stahl V, Vasudevan K.",Cureus. 2020 Jan 29,,,,,,,
31644511,Laryngoscopic techniques modulate anaesthesiologists' perception of halitosis in patients: A randomised controlled trial,"Chen C, Hei Z, Xing J, Zhu Q, Qiu R, Liu J, Gong C, Cheng N, Zhou S, Shen N.",Eur J Anaesthesiol. 2019 Dec,,,,,,,
34709772,Prospective case series on possible effects of local factors on the development of halitosis in new complete denture wearers,"Mousa MA, Alam MK, Ganji KK, Khader Y, Lynch E, Kielbassa AM.",Quintessence Int. 2022 Feb 1,,,,,,,
35537088,[What is the functioning of tin in stannous fluoride?],Exterkate RAM.,Ned Tijdschr Tandheelkd. 2022 May,,,,,,,
35014192,Interdental plaque reduction after the use of different devices in patients with periodontitis and interdental recession: A randomized clinical trial,"Gennai S, Nisi M, Perić M, Marhl U, Izzetti R, Tonelli M, Petrini M, Graziani F.",Int J Dent Hyg. 2022 May,,,,,,,
38266272,Characteristics of extra-oral halitosis induced by functional constipation: a prospective cohort study,Qian XX.,J Breath Res. 2024 Feb 1,,,,,,,
35748583,The theory of reasoned action in describing tongue cleaning adherence among college going students of Indie: A model guided study,"Tak M, Grover S, Asawa K, John J, Shetty B, Divakar DD.",Rocz Panstw Zakl Hig. 2022,,,,,,,
32372407,Efficacy of a novel post-foaming dental gel on gingival inflammation: A randomized controlled clinical trial,"Levine JB, Goncalves J, Nguyen D, Nguyen O, Hasturk H.",J Periodontol. 2020 Dec,,,,,,,
29573072,Prevalence and risk factors of halitosis in Japanese school children,"Ueno M, Ohnuki M, Zaitsu T, Takehara S, Furukawa S, Kawaguchi Y.",Pediatr Int. 2018 Jun,,,,,,,
32294244,Periodontal regeneration by leukocyte and platelet-rich fibrin with autogenous bone graft versus enamel matrix derivative with autogenous bone graft in the treatment of periodontal intrabony defects: A randomized non-inferiority trial,"Paolantonio M, Di Tullio M, Giraudi M, Romano L, Secondi L, Paolantonio G, Graziani F, Pilloni A, De Ninis P, Femminella B.",J Periodontol. 2020 Dec,,,,,,,
33813458,RESULTS OF QUESTIONING PATIENTS WITH NON-ALCOHOLIC FATTY LIVER DISEASE IN THE CONDITIONS OF DENTAL PRACTICE,Emelyanov DV.,Wiad Lek. 2021,,,,,,,
36733919,Improvement of halitosis by probiotic bacterium Weissella cibaria CMU: A randomized controlled trial,"Han HS, Yum H, Cho YD, Kim S.",Front Microbiol. 2023 Jan 17,,,,,,,
33987732,Effect of antimicrobial photodynamic therapy with red led and methylene blue on the reduction of halitosis: controlled microbiological clinical trial,"da Mota ACC, Gonçalves MLL, Horliana ACRT, Deana AM, de Souza Cavalcante LA, Gomes AO, Mayer MPA, Suguimoto ESA, Fernandes KPS, Mesquita-Ferrari RA, Prates RA, Motta LJ, Bussadori SK.",Lasers Med Sci. 2022 Mar,,,,,,,
30373650,"Photodynamic therapy with Bixa orellana extract and LED for the reduction of halitosis: study protocol for a randomized, microbiological and clinical trial","Gonçalves MLL, da Mota ACC, Deana AM, Guedes GH, Cavalcante LAS, Prates RA, Horliana ACRT, Pavani C, Motta LJ, Bitencourt GB, Fernandes KPS, Salgueiro MDCC, Mesquita-Ferrari RA, da Silva DFT, França CM, Bussadori SK.",Trials. 2018 Oct 29,,,,,,,
32128001,Formulation and Antibacterial Activity of Plectranthus amboinicus (Lour.) Spreng Leaves Ethanolic Extract as Herbal Mouthwash Against Halitosis Caused Bacteria,"Nazliniwaty N, Laila L.",Open Access Maced J Med Sci. 2019 Nov 14,,,,,,,
31915698,"Prevalence of Tongue Cleaning Using a Toothbrush: A Questionnaire Survey in Fukui Prefecture, Japan","Matsuda S, Saito T, Yoshida H, Yoshimura H, Sano K.",Biomed Res Int. 2019 Nov 4,,,,,,,
29367491,Inhibitory effect of Lactococcus lactis on the bioactivity of periodontopathogens,"Shin HS, Baek DH, Lee SH.",J Gen Appl Microbiol. 2018 May 21,,,,,,,
30158772,Association of oral manifestations in ulcerative colitis: A pilot study,"Kumar KM, Nachiammai N, Madhushankari GS.",J Oral Maxillofac Pathol. 2018 May-Aug,,,,,,,
33157981,"Evaluation of the efficacy of a commercially available regimen vs brushing alone on established plaque and gingivitis on adolescents: Study protocol for a randomized, controlled, blind clinical trial","Moriyama CM, Santos EM, Gonçalves MLL, Tubel CA, Silva MPD, Nascimento VAW, Teixeira VP, Sobral APT, Horliana ACRT, Motta LJ, Paula EA, Magalhães GTZA, Magalhães JCA, Deana AM, Sakiyama KI, Bussadori SK.",Medicine (Baltimore). 2020 Nov 6,,,,,,,
38145803,General and orofacial symptoms associated with acute and long COVID in 80- and 90-year-old Swedish COVID-19 survivors,"Johansson AK, Omar R, Lehmann S, Sannevik J, Mastrovito B, Johansson A.",J Dent. 2024 Feb,,,,,,,
30127192,A crossover clinical trial to assess the effectiveness of different oral hygiene regimens on the reduction of morning bad breath in healthy young adults,"Khurana C, Tandon S, Chinmaya BR.",Indian J Dent Res. 2018 Jul-Aug,,,,,,,
30384352,Compounded Orodispersible Films with Natural Ingredients for Halitosis: A Clinical Experience,"Apolinário RS, Chaves MDGAM, Gonçalves HRM, Martins ICF, De Paula RM, Granato APA, Polonini HC, Brandão MAF, Ferreira AO, Raposo NRB.",Int J Pharm Compd. 2018 Nov-Dec,,,,,,,
35792253,Efficacy of antimicrobial photodynamic therapy on the tongue surface in the management of halitosis - A real-time polymerase chain reaction analysis,"Patil P, Patil L, Triveni MG, Usha GV, Shah R, Kumar ABT.",Photodiagnosis Photodyn Ther. 2022 Sep,,,,,,,
37499183,The Effect of Subacute Oral Folic Acid Treatment on Growth of Porphyromonas gulae in Dogs,"Shirahata S, Katayama Y, Kaneki M, Uchiyama J, Fukuyama T.",J Vet Dent. 2024 Jul,,,,,,,
38702623,"Efficacy of a mouthwash containing ε-poly-L-lysine, funme peptides and domiphen in reducing halitosis and supragingival plaque: a randomized clinical trial","Shen S, Liu X, Huang J, Sun Y, Liu B, Song W, Meng L, Du M, Feng Q.",BMC Oral Health. 2024 May 3,,,,,,,
38171524,[Metabolomics study on the difference of tongue coating metabolites between patients with intra-oral halitosis and healthy individual],"Liman AN, Zhu HL, Yang WJ, Ye W.",Shanghai Kou Qiang Yi Xue. 2023 Oct,,,,,,,
37437449,Selenium-binding protein 1 (SELENBP1) is a copper-dependent thiol oxidase,"Philipp TM, Gernoth L, Will A, Schwarz M, Ohse VA, Kipp AP, Steinbrenner H, Klotz LO.",Redox Biol. 2023 Sep,,,,,,,
37633989,Design of stretchable and self-powered sensing device for portable and remote trace biomarkers detection,"Huang W, Ding Q, Wang H, Wu Z, Luo Y, Shi W, Yang L, Liang Y, Liu C, Wu J.",Nat Commun. 2023 Aug 26,,,,,,,
32784634,"Potential Advantages of Peroxoborates and Their Ester Adducts Over Hydrogen Peroxide as Therapeutic Agents in Oral Healthcare Products: Chemical/Biochemical Reactivity Considerations In Vitro, Ex Vivo And In Vivo","Grootveld M, Lynch E, Page G, Chan W, Percival B, Anagnostaki E, Mylona V, Bordin-Aykroyd S, Grootveld KL.",Dent J (Basel). 2020 Aug 7,,,,,,,
38586785,"Prevalence of Acute Tonsillitis and Its Association With Oral Hygiene Among the Population of Taif City, Saudi Arabia","Alghamdi FA, Jawmin BA, Alghamdi MA, Almalki MA, Sabbagh YH, Aljemyie AA, Alotaibi MS, Alolayani RA, Jawmin MA, Alghamdi AA, Althobaiti TA, Alqurashi AM, Hakami K, Alnofaie MF, Atalla AA.",Cureus. 2024 Mar 8,,,,,,,
32879089,Advance in study on 16S rRNA gene sequencing technology in oral microbial diversity,"Yang X, Que G.",Zhong Nan Da Xue Xue Bao Yi Xue Ban. 2020 Jul 28,,,,,,,
38514460,Volatile sulfur compounds in asthmatic children and adolescents: A cross-sectional study in breath and saliva,"Buj-Acosta C, García-Sanz V, Hakobyan L, Tarazona-Álvarez B, Molins-Legua C, Campins-Falcó P, Paredes-Gallardo V, Tortajada-Girbés M.",Int J Paediatr Dent. 2024 Mar 21. doi: 10.1111/ipd.13178. Online ahead of print.,Buj-Acosta C,Int J Paediatr Dent,2024,3/22/2024,,,10.1111/ipd.13178
37953188,"Ethno-Dentistry of Medicinal Plants Used in North Waziristan, Pakistan","Rehman S, Iqbal Z, Qureshi R, AlOmar TS, Almasoud N, Younas M, Rauf A, Irfan M.",Int Dent J. 2024 Apr,,,,,,,
37593549,Comparison of clinical indices with halitosis grading in chronic periodontitis: A randomized control trial,"Veeray JM, Gupta KK, Soni S, Kothari D.",J Indian Soc Periodontol. 2023 Jul-Aug,,,,,,,
31275519,"Efficacy of chlorhexidine, hydrogen peroxide and tulsi extract mouthwash in reducing halitosis using spectrophotometric analysis: A randomized controlled trial","Sharma K, Acharya S, Verma E, Singhal D, Singla N.",J Clin Exp Dent. 2019 May 1,,,,,,,
35173085,Treatment of Chronic Periodontitis with Smoking Cessation Care and Periodontal Surgery in an Elderly Patient: A Case Report Including a 4-year Follow-up,"Yamashita K, Seshima F, Kigure T, Tomita S, Saito A.",Bull Tokyo Dent Coll. 2022 Mar 8,,,,,,,
28353023,"Efficacy of GUM® Hydral versus Biotène® Oralbalance mouthwashes plus gels on symptoms of medication-induced xerostomia: a randomized, double-blind, crossover study","Barbe AG, Schmidt-Park Y, Hamacher S, Derman SHM, Noack MJ.",Clin Oral Investig. 2018 Jan,,,,,,,
33941148,Association between sleep habits and symptoms of oral disease in adolescents: the 2017 Korea Youth Risk Behavior Web-based Survey,"Choi ES, Jeon HS, Mun SJ.",BMC Oral Health. 2021 May 4,,,,,,,
37893489,Antimicrobial Effects of Edible Mixed Herbal Extracts on Oral Microorganisms: An In Vitro Study,"Yun SE, Choi BR, Nam SH, Kim GC.",Medicina (Kaunas). 2023 Oct 4,,,,,,,
33389334,Volatile sulphur compounds in people with chronic kidney disease and the impact on quality of life,"Santaella NG, Simpione G, Maciel AP, Lauris JR, da Silva Santos PS.",Odontology. 2021 Jul,,,,,,,
31276312,Clinical efficacy of a new cetylpyridinium chloride-hyaluronic acid-based mouthrinse compared to chlorhexidine and placebo mouthrinses-A 21-day randomized clinical trial,"Tadakamadla SK, Bharathwaj VV, Duraiswamy P, Sforza C, Tartaglia GM.",Int J Dent Hyg. 2020 Feb,,,,,,,
32350669,[Oral health assessment of seniors under outpatient care by family doctors : Development and validation of the geriatric outpatient oral health screening],"Barbe AG, Spiritus S, Hagemeier A, Noack MJ, Röhrig G.",Z Gerontol Geriatr. 2021 May,,,,,,,
36944468,"Prevalence of taste and smell dysfunction in mild and asymptomatic COVID-19 patients during Omicron prevalent period in Shanghai, China: a cross-sectional survey study","Wang J, Chen Y, Huang J, Niu C, Zhang P, Yuan K, Zhu X, Jin Q, Ran S, Huang Z.",BMJ Open. 2023 Mar 21,,,,,,,
29505667,Oral myiasis in older adult with severe Alzheimer's disease,"Filho AO, Dias D, Miranda Á, Hebling E.",Spec Care Dentist. 2018 Mar,,,,,,,
36792063,Efficacy of adjunctive measures in peri-implant mucositis. A systematic review and meta-analysis,"Gennai S, Bollain J, Ambrosio N, Marruganti C, Graziani F, Figuero E.",J Clin Periodontol. 2023 Jun,,,,,,,
37288191,Comparative Evaluation of the Inhibitory Effect of Lactobacillus rhamnosus on Halitosis-Causing Bacteria: An Invitro Microbiological Study,"Patil AV, Shetty SS, Padhye AM.",Cureus. 2023 May 5,,,,,,,
38786391,Effect of Antimicrobial Photodynamic Therapy on the Tongue Dorsum on Reducing Halitosis and the Duration of the Effect: A Randomized Clinical Trial,"Maruyama T, Ekuni D, Yokoi A, Nagasaki J, Sawada N, Morita M.",Healthcare (Basel). 2024 May 9,,,,,,,
34198943,A New Look at the Genus Solobacterium: A Retrospective Analysis of Twenty-Seven Cases of Infection Involving S. moorei and a Review of Sequence Databases and the Literature,"Alauzet C, Aujoulat F, Lozniewski A, Ben Brahim S, Domenjod C, Enault C, Lavigne JP, Marchandin H.",Microorganisms. 2021 Jun 5,,,,,,,
31574796,"Evaluation of halitosis in adult patients after treatment with photodynamic therapy associated with periodontal treatment: Protocol for a randomized, controlled, single-blinded trial with 3-month follow up","Romero SDS, Schalch TO, do Vale KL, Ando ES, Mayer MPA, Feniar JPG, Fernandes KPS, Bussadori SK, Motta LJ, Negreiros RM, Tempestini Horliana ACR.",Medicine (Baltimore). 2019 Sep,,,,,,,
31652511,Impaired Eating and Swallowing Function in Older Adults in the Community: The Kurihara Project,"Takahashi K, Amemiya K, Nakatsuka M, Nakamura K, Kasai M, Meguro K.",Int J Environ Res Public Health. 2019 Oct 22,,,,,,,
30834725,"Clinical effect of Lactobacillus on the treatment of severe periodontitis and halitosis: A double-blinded, placebo-controlled, randomized clinical trial","Soares LG, Carvalho EB, Tinoco EMB.",Am J Dent. 2019 Feb,,,,,,,
36385592,"Effects of single rinse with three different types of mouthwashes on VSCs levels in morning breath: Randomized, double-blind, crossover clinical trial","Luzi S, Mancini L, Tarallo F, Manenti RJ, Mattei A, Fiasca F, Marchetti E.",Int J Dent Hyg. 2023 May,,,,,,,
37654341,"A Cross-Sectional Study on Self-Perceived Halitosis among Undergraduate University Students in Riyadh, Saudi Arabia","Mezied MS, Al Bouri D, Al Omani A, Al Ramadhan G, Al Bootie S, Barakat A, Koppolu P.",J Pharm Bioallied Sci. 2023 Jul,,,,,,,
30534164,Effect of Camellia sinensis plant on decreasing the level of halitosis: A systematic review,"Tahani B, Sabzian R.",Dent Res J (Isfahan). 2018 Nov-Dec,,,,,,,
31622481,A Study of 31 Patients with Primary Complaint of Halitosis in a Tertiary Hospital in South-Western Nigeria,"Adeyemi BF, Esan OB, Akinyamoju AO.",West Afr J Med. 2019 Sep-Dec,,,,,,,
37704915,The association between periodontitis patients' chief complaints and the stage of periodontitis: A clinical retrospective study,"Gürbüz S, Altıkat M.",Clin Oral Investig. 2023 Oct,,,,,,,
31429713,"First case report of bacteremia caused by Solobacterium moorei in China, and literature review","Liu WJ, Xiao M, Yi J, Li Y, Kudinha T, Xu YC.",BMC Infect Dis. 2019 Aug 20,,,,,,,
33901547,Effect of the Piezoelectric Device on Intraoperative Hemorrhage Control and Quality of Life after Endodontic Microsurgery: A Randomized Clinical Study,"Bharathi J, Mittal S, Tewari S, Tewari S, Duhan J, Sangwan P, Kumar V.",J Endod. 2021 Jul,,,,,,,
30311505,Comparison of Sino-Nasal Outcome Test 22 Symptom Scores in Rhinogenic and Odontogenic Sinusitis,"Simuntis R, Vaitkus J, Kubilius R, Padervinskis E, Tušas P, Leketas M, Šiupšinskienė N, Vaitkus S.",Am J Rhinol Allergy. 2019 Jan,,,,,,,
32535566,[IMPROVEMENT OF METHODS FOR THE PREVENTION AND HYGIENE OF THE ORAL MUCOSA OF STOMATHOLOGICAL PATIENTS UNDERGOING HIGH DOSAGE CHEMOTHERAPY],"Karton E, Vakushina E, Seleskeridi V, Grigorenko M.",Georgian Med News. 2020 Apr,,,,,,,
32294559,"Antimicrobial photodynamic therapy with Bixa orellana extract and blue LED in the reduction of halitosis-A randomized, controlled clinical trial","Gonçalves MLL, da Mota ACC, Deana AM, Cavalcante LAS, Horliana ACRT, Pavani C, Motta LJ, Fernandes KPS, Mesquita-Ferrari RA, da Silva DFT, Motta PB, Araújo Prates R, Bussadori SK.",Photodiagnosis Photodyn Ther. 2020 Jun,,,,,,,
32820829,Tooth loss associated with the use of tenofovir disoproxil fumarate,"Jianfei L, Ling L, Yu Z, Jiming Z, Bin W.",J Clin Pharm Ther. 2020 Dec,,,,,,,
29525436,Inhibition of methionine gamma lyase deaminase and the growth of Porphyromonas gingivalis: A therapeutic target for halitosis/periodontitis,"Kandalam U, Ledra N, Laubach H, Venkatachalam KV.",Arch Oral Biol. 2018 Jun,,,,,,,
38750491,Halitosis in young patients with chronic kidney disease: findings from a randomized controlled trial,"Hoefer KC, Barbe AG, Adams A, Schoppmeier C, Wicht MJ, Weber LT, Noack MJ, Graf I.",Head Face Med. 2024 May 15,,,,,,,
37608950,Evaluation of the antibacterial activity of Elsholtzia ciliate essential oil against halitosis-related Fusobacterium nucleatum and Porphyromonas gingivalis,"Li F, Wang C, Xu J, Wang X, Cao M, Wang S, Zhang T, Xu Y, Wang J, Pan S, Hu W.",Front Microbiol. 2023 Aug 7,,,,,,,
32164639,Antibacterial activity of Centaurea pumilio L. root and aerial part extracts against some multidrug resistant bacteria,"Naeim H, El-Hawiet A, Abdel Rahman RA, Hussein A, El Demellawy MA, Embaby AM.",BMC Complement Med Ther. 2020 Mar 12,,,,,,,
31041914,Persistent dysgeusia post-halitosis treatment: How does it impact the patients' quality of life?,"Carvalho BF, Alves MG, Dutra MT, Balducci I, Nicodemo D, Almeida JD.",Med Oral Patol Oral Cir Bucal. 2019 May 1,,,,,,,
31902836,Long-term follow-up study after administration of a canine interferon-α preparation for feline gingivitis,"Yamaki S, Hachimura H, Ogawa M, Kanegae S, Sugimoto T, Amimoto A.",J Vet Med Sci. 2020 Feb 26,,,,,,,
30530941,Effect of mucoadhesive agent HEC on herbal extracts retention and VSC producing bacteria reduction in an experimental oral biofilm,"Jeffet U, Sterer N.",J Breath Res. 2019 Mar 1,,,,,,,
35778718,Detection of volatile sulfur compounds (VSCs) in exhaled breath as a potential diagnostic method for oral squamous cell carcinoma,"Kwon IJ, Jung TY, Son Y, Kim B, Kim SM, Lee JH.",BMC Oral Health. 2022 Jul 1,,,,,,,
31277154,"Evaluation of the treatment of halitosis with photodynamic therapy in older patients with complete denture: Protocol for a randomized, controlled trial","Vale KLD, Horliana ACRT, Romero SDS, Deana AM, Gonçalves MLL, Ferrari RAM, Bussadori SK, Fernandes KPS.",Medicine (Baltimore). 2019 Jul,,,,,,,
37436003,Antibiotics for lower respiratory tract infection in children presenting in primary care: ARTIC-PC RCT,"Little P, Francis NA, Stuart B, O'Reilly G, Thompson N, Becque T, Hay AD, Wang K, Sharland M, Harnden A, Yao G, Raftery J, Zhu S, Little J, Hookham C, Rowley K, Euden J, Harman K, Coenen S, Read RC, Woods C, Butler CC, Faust SN, Leydon G, Wan M, Hood K, Whitehurst J, Richards-Hall S, Smith P, Thomas M, Moore M, Verheij T.",Health Technol Assess. 2023 Jun,,,,,,,
34071005,Evaluation of the Efficacy of Lacer Hali(TM) Treatment on the Management of Halitosis: A Randomized Double-Blind Clinical Trial,"Xiang L, Rojo R, Prados-Frutos JC.",J Clin Med. 2021 May 23,,,,,,,
31085164,Profiling of VOCs released from different salivary bacteria treated with non-lethal concentrations of silver nitrate,"Milanowski M, Monedeiro F, Złoch M, Ratiu IA, Pomastowski P, Ligor T, De Martinis BS, Buszewski B.",Anal Biochem. 2019 Aug 1,,,,,,,
38237169,Enterogenous extra-oral halitosis has a more severe impact on quality of life in females compared to males,Qian XX.,J Breath Res. 2024 Jan 25,,,,,,,
30608426,Action of antimicrobial photodynamic therapy with red leds in microorganisms related to halitose: Controlled and randomized clinical trial,"Ciarcia ACCDM, Gonçalves MLL, Horliana ACRT, Suguimoto ESA, Araujo L, Laselva A, Mayer MPA, Motta LJ, Deana AM, Mesquita-Ferrari RA, Fernandes KPS, Bussadori SK.",Medicine (Baltimore). 2019 Jan,,,,,,,
38289043,Interspecies metabolite transfer fuels the methionine metabolism of Fusobacterium nucleatum to stimulate volatile methyl mercaptan production,"Hara T, Sakanaka A, Lamont RJ, Amano A, Kuboniwa M.",mSystems. 2024 Feb 20,,,,,,,
29255262,"Mutations in SELENBP1, encoding a novel human methanethiol oxidase, cause extraoral halitosis","Pol A, Renkema GH, Tangerman A, Winkel EG, Engelke UF, de Brouwer APM, Lloyd KC, Araiza RS, van den Heuvel L, Omran H, Olbrich H, Oude Elberink M, Gilissen C, Rodenburg RJ, Sass JO, Schwab KO, Schäfer H, Venselaar H, Sequeira JS, Op den Camp HJM, Wevers RA.",Nat Genet. 2018 Jan,,,,,,,
34562391,"Antibiotics for lower respiratory tract infection in children presenting in primary care in England (ARTIC PC): a double-blind, randomised, placebo-controlled trial","Little P, Francis NA, Stuart B, O'Reilly G, Thompson N, Becque T, Hay AD, Wang K, Sharland M, Harnden A, Yao G, Raftery J, Zhu S, Little J, Hookham C, Rowley K, Euden J, Harman K, Coenen S, Read RC, Woods C, Butler CC, Faust SN, Leydon G, Wan M, Hood K, Whitehurst J, Richards-Hall S, Smith P, Thomas M, Moore M, Verheij T.",Lancet. 2021 Oct 16,,,,,,,
29126542,Professional tooth cleaning and scaling and root planing with oral hygiene instructions may reduce volatile sulfur compounds in patients with periodontal disease,Devji T.,J Am Dent Assoc. 2018 Jan,,,,,,,
32895252,Grub in the mouth: an unusual case with review of literature,"Astekar M, Gujjar SV, Upadhyay H, Upadhyay H.",BMJ Case Rep. 2020 Sep 6,,,,,,,
35370378,"Role of Laksha Churna and Madhu Pratisarana after ultrasonic scaling in the management of Dantasharkara (dental calculus): An open-label, standard controlled randomized clinical trial","Kathad D, Shukla HN, Goyal M.",Ayu. 2020 Jul-Sep,,,,,,,
29164415,Decrease of insoluble glucan formation in Streptococcus mutans by co-cultivation with Enterococcus faecium T7 and glucanase addition,"Yu SH, Kwak SH, Nguyen TTH, Seo YS, Song C, Mok IK, Kim D.",Biotechnol Lett. 2018 Feb,,,,,,,
38516881,[Impact of self-reported periodontal status on oral health-related quality of life in adult population with Type 2 Diabetes from Mexico City],"Falcón-Flores JA, Jiménez-Corona ME, Flores-Hernández S, Vázquez-Duran M, Jiménez-Corona A.",Rev Esp Salud Publica. 2024 Mar 14,,,,,,,
37990970,Risk factors associated with implant sites prepared by orthodontic treatment: a systematic review,"Taban M, Fatemi A, Soleimani M, Sajedi SM, Sabzevari B.",Eur J Transl Myol. 2023 Nov 21,,,,,,,
38021636,The Comparison of the Anti-inflammatory Efficacy of Phytochemical Extracts in Punica granatum and Lawsonia inermis Among Patients Diagnosed With Chronic Periodontitis,"Takkella BK 3rd, Venkata Anusha N 3rd, Lokanathan Balaji D 3rd, Prabhat MV, Sarat G 4th, Polepalle T 4th, Naffizuddin M 3rd, Ramsunil C 4th, Sujana V 4th, Chaitanya Krishna T.",Cureus. 2023 Oct 24,,,,,,,
35839105,A Case Report of Tonsillolith Treated With Individualized Homoeopathy,"Bhasme A, Lamba P, Sajjan U.",Altern Ther Health Med. 2023 Apr,,,,,,,
38363943,"Preliminary investigation of a combined herbal extract of Aruncus dioicus, Cirsium nipponicum, and Ocimum basilicum for halitosis","Ha NY, Jeong H, Son J, Cha MR, Song S, Hwang JH, Kim J.",Medicine (Baltimore). 2024 Feb 16,,,,,,,
31036083,"Successive complications after anterior cervical fixation: pharyngoesophageal diverticulum, fistulization, and cervical spondylitis by Streptococcus milleri - case report and literature review","Volkow-Fernández P, Islas-Muñoz B, Santillán-Doherty P, Estrada-Lobato E, Alva-López L, Ávila-Ramírez J.",J Med Case Rep. 2019 Apr 30,,,,,,,
32311925,Evaluation of photobiomodulation in salivary production of patients with xerostomy induced by anti-hypertensive drugs: Study protocol clinical trial (SPIRIT compliant),"Varellis MLZ, Gonçalves MLL, Pavesi VCS, Horliana ACRT, de Fátima Teixeira da Silva D, Motta LJ, Barbosa Filho VF, Bezerra CDS, Silva FGD, Bussadori SK, Deana AM.",Medicine (Baltimore). 2020 Apr,,,,,,,
30148470,Validation of the Spanish version of the Franciscan Hospital for Children Oral Health-Related Quality of Life questionnaire,"Rollon-Ugalde V, Coello-Suanzes JA, Castaño-Seiquer A, Lledo-Villar E, Espinoza-Visval I, Lopez-Jimenez AM, Infante-Cossio P, Rollon-Mayordomo A.",Med Oral Patol Oral Cir Bucal. 2018 Sep 1,,,,,,,
37731070,Nanozyme based colorimetric detection of biogenic gaseous H(2)S using Ag@Au core/shell nanoplates with peroxidase-like activity,"Ahn YJ, Ahn BK, Kang SW, Lee GJ.",Mikrochim Acta. 2023 Sep 20,,,,,,,
30359811,Evaluation of the efficacy of the subcutaneous low recombinant feline interferon-omega administration protocol for feline chronic gingivitis-stomatitis in feline calicivirus-positive cats,"Matsumoto H, Teshima T, Iizuka Y, Sakusabe A, Takahashi D, Amimoto A, Koyama H.",Res Vet Sci. 2018 Dec,,,,,,,
36136637,Prevalence and Associated Factors of Blastocystis sp. Infection in Patients with Gastrointestinal Symptoms in Spain: A Case-Control Study,"Matovelle C, Tejedor MT, Monteagudo LV, Beltrán A, Quílez J.",Trop Med Infect Dis. 2022 Sep 3,,,,,,,
38769314,"Hyperpure chlorine dioxide versus chlorhexidine in intra-oral halitosis (ODOR trial) - protocol of a double-blinded, double-arm, parallel non-inferiority pilot randomized controlled trial","Szalai EÁ, Teutsch B, Babay V, Galvács A, Hegyi P, Hársfalvi P, Pál R, Varga G, Lohinai ZM, Kerémi B.",BDJ Open. 2024 May 20,,,,,,,
38820029,The quality of life after keratinized mucosa augmentation around dental implants using xenogenic collagen matrix with or without stent,"Wang TY, Guo JY, Zhou Z, Li SY, Li SB, Xu SL.",Technol Health Care. 2024 May 18. doi: 10.3233/THC-231863. Online ahead of print.,Wang TY,Technol Health Care,2024,5/31/2024,,,10.3233/THC-231863
37905279,Comparative Evaluation of Cleaning Efficacy of Interdental Brush and Interdental Floss in Orthodontics Patients From Vidarbha Region: An Interventional Study,"Umalkar YN, Jadhav VV, Paul P, Saoji KP.",Cureus. 2023 Sep 29,,,,,,,
30589000,"An open-label, interventional, single-center, prospective clinical study to evaluate the efficacy and safety of ""AHPL/AYTAB/1514"" in patients suffering from halitosis","Chunawala YK, Nipanikar S, Morawala AK, Talathi RD, Shaikh S, Upasani SA, Kumbhar VS.",Indian J Dent Res. 2018 Nov-Dec,,,,,,,
38399374,Exploring the Clinical Applications of Lemongrass Essential Oil: A Scoping Review,"Kusuma IY, Perdana MI, Vágvölgyi C, Csupor D, Takó M.",Pharmaceuticals (Basel). 2024 Jan 25,,,,,,,
32471554,High-quality systematic review shows that there is low-quality evidence regarding the effects of interventions to treat oral halitosis,Brignardello-Petersen R.,J Am Dent Assoc. 2020 Aug,,,,,,,
38789725,Dencichine attenuates the virulence of Fusobacterium nucleatum by targeting hydrogen sulfide-producing enzyme,"Wang M, Chu W.",Int Microbiol. 2024 May 25. doi: 10.1007/s10123-024-00539-1. Online ahead of print.,Wang M,Int Microbiol,2024,5/24/2024,,,10.1007/s10123-024-00539-1
32222390,Differences in the Incidence of Pathologic Lesions on the Oral Mucosa in Patients Undergoing Hemodialysis vs Renal Organ Transplant Recipients Subjected to Long-term Pharmacologic Immunosuppressive Therapy,"Osiak M, Wychowanski P, Grzeszczyk M, Durlik M, Fiedor P.",Transplant Proc. 2020 Oct,,,,,,,
32163634,Local application of enamel matrix derivative prevents acute systemic inflammation after periodontal regenerative surgery: A randomized controlled clinical trial,"Graziani F, Peric M, Marhl U, Petrini M, Bettini L, Tonetti M, Gennai S.",J Clin Periodontol. 2020 Jun,,,,,,,
34084738,Photodynamic Therapy as an adjunct in the Treatment of Medication-Related Osteonecrosis of the Jaw: A Case Report,"Almeida MVDC, Moura AC, Santos L, Gominho L, Cavalcanti UDNT, Romeiro K.",J Lasers Med Sci. 2021 Mar 8,,,,,,,
30177132,"Frequency of Pathologic Changes in the Oral Cavity in Patients Subjected to Long-term Pharmacologic Immunosuppressive Therapy After Kidney, Liver, and Hematopoietic Cell Transplantation","Osiak M, Szubińska-Lelonkiewicz D, Wychowański P, Karakulska-Prystupiuk E, Jędrzejczak W, Wojtowicz A, Fiedor P.",Transplant Proc. 2018 Sep,,,,,,,
33901808,A coupled enzyme assay for detection of selenium-binding protein 1 (SELENBP1) methanethiol oxidase (MTO) activity in mature enterocytes,"Philipp TM, Will A, Richter H, Winterhalter PR, Pohnert G, Steinbrenner H, Klotz LO.",Redox Biol. 2021 Jul,,,,,,,
30701262,"Draft Genome Sequence of Streptococcus halitosis sp. nov., Isolated from the Dorsal Surface of the Tongue of a Patient with Halitosis","Tetz G, Vikina D, Brown S, Zappile P, Dolgalev I, Tsirigos A, Heguy A, Tetz V.",Microbiol Resour Announc. 2019 Jan 24,,,,,,,
38014937,Complete genome sequence of Solobacterium moorei JCM 10645(T) isolated from a human stool sample,"Oshibuchi K, Yang J, Obana N, Fukuda S, Arakawa K.",Microbiol Resour Announc. 2024 Jan 17,,,,,,,
36477439,Interferon Gamma Response in Human Saliva Following Exposure to the Oral Probiotic Streptococcus salivarius BLIS K12,"Laws GA, Harold LK, Tagg JR, Hale JDF.",Probiotics Antimicrob Proteins. 2024 Feb,,,,,,,
31189786,[Longitudinal changes in nicotine dependency and intraoral environment associated with dental support for smoking cessation],"Tano R, Miura H, Ozaki T.",Nihon Koshu Eisei Zasshi. 2019,,,,,,,
33827546,A canine case of malignant melanoma carrying a KIT c.1725_1733del mutation treated with toceranib: a case report and in vitro analysis,"Tani H, Miyamoto R, Noguchi S, Kurita S, Nagashima T, Michishita M, Yayoshi N, Tamura K, Bonkobara M.",BMC Vet Res. 2021 Apr 7,,,,,,,
